CustomerID,Recency,Frequency,Monetary,Cluster
12347.0,96,5,2540.29,1
12348.0,221,1,367.0,0
12350.0,312,1,334.4,0
12352.0,275,3,1296.38,1
12355.0,97,1,459.4,0
12356.0,129,1,481.46000000000004,0
12357.0,183,1,6207.67,1
12358.0,4,2,1168.06,3
12359.0,10,3,3495.73,3
12362.0,31,5,2135.79,2
12363.0,37,1,299.1,0
12364.0,302,1,310.32,0
12367.0,213,1,168.9,0
12370.0,69,1,938.39,1
12371.0,31,1,1527.96,1
12372.0,36,1,515.7,0
12373.0,343,1,364.6,0
12375.0,305,1,230.3,0
12378.0,306,1,4008.62,1
12380.0,158,1,607.5500000000001,0
12381.0,1,5,1845.31,3
12383.0,10,2,750.61,3
12384.0,30,2,585.27,1
12386.0,193,2,401.9,0
12388.0,99,2,334.95000000000005,0
12393.0,40,2,884.1,1
12394.0,154,2,1272.48,1
12395.0,6,7,1762.63,2
12397.0,244,1,1195.09,1
12399.0,3,3,820.6,3
12401.0,100,1,84.3,0
12406.0,96,1,1621.25,1
12407.0,187,1,719.06,0
12408.0,153,2,1396.78,1
12409.0,66,1,6207.08,1
12410.0,253,2,693.3299999999999,1
12413.0,193,2,673.45,1
12414.0,189,2,319.61,0
12415.0,71,10,44582.79,2
12417.0,182,4,1572.48,1
12420.0,154,1,600.39,0
12422.0,216,1,147.7,0
12423.0,90,3,548.92,1
12427.0,62,2,586.08,1
12428.0,33,6,6580.52,2
12429.0,455,1,1281.5,0
12431.0,3,7,3055.05,2
12433.0,90,5,9033.92,2
12436.0,336,1,509.01,0
12437.0,10,7,2040.81,2
12441.0,486,1,173.55,0
12442.0,182,1,172.06,0
12444.0,1,2,1636.08,3
12447.0,68,1,476.49,0
12449.0,93,3,2724.58,1
12450.0,187,1,96.0,0
12451.0,215,2,4927.87,1
12455.0,187,3,477.46000000000004,1
12457.0,245,1,196.35,0
12461.0,126,2,826.88,1
12462.0,100,1,762.11,0
12463.0,7,1,350.57,3
12464.0,284,1,213.89999999999998,0
12468.0,219,1,508.95000000000005,0
12471.0,152,12,10274.57,2
12472.0,153,2,1899.38,1
12473.0,61,3,1716.01,1
12474.0,4,3,1179.64,3
12476.0,220,1,311.2,0
12477.0,39,2,3415.19,1
12478.0,182,1,680.99,0
12480.0,30,2,1952.93,1
12481.0,163,3,2070.23,1
12483.0,36,4,1185.46,1
12484.0,153,3,2007.3400000000001,1
12489.0,163,1,334.93,0
12490.0,97,4,2463.06,1
12491.0,334,1,460.40000000000003,0
12492.0,154,1,136.82,0
12494.0,338,2,210.82,0
12500.0,71,3,745.03,1
12501.0,163,1,2169.39,1
12502.0,189,4,3021.07,1
12504.0,91,1,449.4,0
12507.0,157,1,46.75,0
12508.0,61,1,274.8,0
12512.0,245,2,132.18,0
12516.0,5,1,583.2,3
12517.0,30,4,2064.4,1
12518.0,1,3,1207.16,3
12519.0,154,1,330.84,0
12520.0,38,1,987.42,1
12523.0,10,3,398.7,3
12524.0,71,4,2962.6,1
12526.0,90,2,797.38,1
12528.0,130,2,552.64,1
12530.0,31,3,1244.68,1
12532.0,91,1,349.83000000000004,0
12534.0,337,1,1089.18,0
12535.0,93,2,716.35,1
12536.0,31,1,4279.71,1
12538.0,61,1,363.95,0
12539.0,71,1,1715.85,1
12540.0,40,8,5047.38,2
12541.0,61,2,757.44,1
12544.0,275,1,372.7,0
12547.0,252,1,159.4,0
12552.0,334,1,120.0,0
12553.0,1,4,1356.57,3
12556.0,34,1,308.75,0
12557.0,40,3,8183.46,2
12558.0,302,1,269.96,0
12559.0,312,1,75.60000000000001,0
12560.0,243,1,697.7,0
12561.0,70,1,238.85,0
12562.0,217,2,1304.3700000000001,1
12567.0,127,6,4643.61,2
12569.0,1,18,2534.95,2
12571.0,64,1,248.35,0
12572.0,333,1,487.68,0
12576.0,131,4,1076.6299999999999,1
12577.0,244,2,430.71,0
12580.0,160,1,415.7,0
12583.0,1,9,5093.2699999999995,2
12584.0,158,4,835.94,1
12587.0,302,1,144.0,0
12589.0,30,1,515.1800000000001,0
12590.0,6,2,9864.26,3
12592.0,67,2,437.6,1
12593.0,220,2,321.8,0
12594.0,64,3,850.83,1
12596.0,37,1,269.95,0
12597.0,96,1,912.66,1
12598.0,30,4,1200.32,1
12599.0,34,4,636.3,1
12600.0,30,3,884.02,1
12601.0,40,3,325.46,1
12602.0,1,1,153.12,3
12607.0,62,1,1579.51,1
12609.0,188,1,512.8,0
12610.0,217,1,946.75,0
12614.0,161,1,315.6,0
12615.0,152,2,1079.8,1
12616.0,216,1,457.7,0
12617.0,61,1,352.98,0
12619.0,183,2,871.84,1
12621.0,6,5,3424.84,2
12623.0,130,1,305.1,0
12625.0,6,1,967.2,3
12626.0,184,2,2440.39,1
12627.0,184,3,2441.14,1
12628.0,183,3,786.46,1
12633.0,1,2,434.43,3
12635.0,32,2,1689.18,1
12637.0,93,4,3615.75,1
12638.0,183,1,671.69,0
12643.0,40,5,3094.14,2
12644.0,306,1,477.91,0
12645.0,183,2,893.9200000000001,1
12646.0,213,1,615.28,0
12647.0,32,7,2260.07,2
12648.0,126,1,318.05,0
12649.0,36,1,375.0,0
12650.0,182,1,314.44,0
12651.0,101,1,114.0,0
12652.0,10,1,919.98,3
12654.0,303,1,171.23000000000002,0
12659.0,61,1,91.68,0
12662.0,90,5,1618.21,1
12664.0,1,4,2294.8,3
12667.0,1,1,620.13,3
12669.0,4,2,1607.73,3
12670.0,61,2,1273.54,1
12673.0,243,1,389.62,0
12674.0,93,2,993.8000000000001,1
12676.0,125,3,800.15,1
12678.0,219,2,2073.52,1
12679.0,1,2,906.38,3
12680.0,32,2,361.83,1
12681.0,34,7,5368.29,2
12682.0,3,16,7279.68,2
12683.0,6,10,4300.7,2
12684.0,67,3,916.26,1
12685.0,30,3,2019.54,1
12686.0,639,1,89.14,0
12689.0,247,1,511.03,0
12691.0,1,2,479.5,3
12693.0,6,2,454.01,3
12694.0,95,1,439.5,0
12695.0,245,2,248.2,0
12697.0,30,1,223.68,0
12700.0,128,4,4939.99,1
12701.0,37,1,337.08,0
12704.0,244,3,1120.85,1
12705.0,129,2,2319.67,1
12708.0,61,4,792.87,1
12709.0,1,6,4051.34,2
12710.0,246,2,430.06,0
12712.0,10,8,2680.03,2
12713.0,90,1,848.55,1
12716.0,182,1,375.59000000000003,0
12717.0,34,2,1030.98,1
12719.0,215,2,644.95,1
12720.0,4,13,3029.32,2
12721.0,95,4,2026.6299999999999,1
12722.0,4,1,302.92,3
12723.0,182,3,376.69,1
12724.0,40,2,363.14,1
12725.0,639,1,427.8,0
12726.0,30,3,1363.9,1
12727.0,216,4,1903.54,1
12728.0,40,1,252.54,0
12731.0,36,3,2705.2,1
12735.0,193,1,319.77,0
12736.0,40,1,234.0,0
12738.0,666,1,155.35,0
12739.0,335,1,975.54,0
12740.0,154,1,427.6,0
12744.0,221,3,8209.58,1
12747.0,152,5,2226.18,1
12748.0,5,106,13826.84,2
12749.0,67,4,3518.29,1
12750.0,278,1,275.88,0
12753.0,100,4,12940.51,2
12754.0,161,2,61.62,0
12755.0,252,2,3811.95,1
12757.0,5,6,3417.37,2
12758.0,130,1,1570.19,1
12759.0,99,1,444.8,0
12762.0,302,1,1436.93,1
12763.0,578,1,320.08,0
12766.0,101,3,2554.2000000000003,1
12772.0,31,1,892.47,1
12775.0,280,2,634.25,1
12778.0,96,2,255.93,0
12779.0,221,5,2298.15,1
12781.0,154,1,277.48,0
12782.0,213,1,252.25,0
12783.0,152,2,622.84,1
12785.0,425,1,311.95,0
12787.0,93,1,186.56,0
12789.0,215,1,91.85,0
12791.0,698,1,192.60000000000002,0
12793.0,101,2,545.48,1
12794.0,305,1,317.0,0
12797.0,455,1,254.03,0
12802.0,188,1,427.58,0
12808.0,127,3,483.65000000000003,1
12816.0,216,1,253.55,0
12817.0,283,1,166.04,0
12820.0,182,1,210.35000000000002,0
12821.0,97,1,92.72,0
12823.0,246,1,229.5,0
12824.0,31,1,397.12,0
12826.0,61,3,577.1,1
12827.0,153,2,212.4,0
12828.0,152,5,907.51,1
12829.0,163,1,207.25,0
12830.0,93,3,2258.56,1
12832.0,153,2,383.03,0
12834.0,311,1,312.38,0
12836.0,31,3,2159.23,1
12838.0,183,2,671.95,1
12839.0,96,5,2203.66,1
12840.0,66,2,1296.7,1
12841.0,5,13,2158.56,2
12842.0,253,1,310.73,0
12843.0,67,5,1282.36,1
12844.0,61,2,325.96000000000004,1
12849.0,122,1,341.44,0
12851.0,246,1,131.81,0
12854.0,7,1,420.46999999999997,3
12855.0,667,1,38.1,0
12856.0,30,3,869.71,1
12857.0,70,1,801.6,1
12865.0,125,1,981.38,1
12866.0,342,1,559.12,0
12867.0,97,2,1123.91,1
12868.0,10,4,1176.3400000000001,3
12872.0,455,1,378.53000000000003,0
12873.0,311,1,374.0,0
12875.0,364,1,293.76000000000005,0
12877.0,156,4,376.56,1
12879.0,93,1,140.5,0
12881.0,99,1,298.0,0
12882.0,183,1,471.84000000000003,0
12883.0,32,1,291.63,0
12884.0,2,1,309.05,3
12885.0,125,3,1175.22,1
12886.0,250,2,1378.4,1
12888.0,97,1,81.36,0
12891.0,158,2,289.0,0
12893.0,91,1,176.55,0
12897.0,39,1,128.8,0
12901.0,36,6,1621.92,2
12910.0,7,2,1286.6200000000001,3
12912.0,152,2,804.24,1
12913.0,39,4,1401.49,1
12915.0,667,1,199.65,0
12917.0,278,1,594.0,0
12919.0,3,3,676.82,3
12921.0,36,20,7377.78,2
12922.0,338,1,405.38,0
12923.0,184,1,172.82,0
12924.0,2,2,508.23,3
12925.0,213,1,325.74,0
12928.0,7,2,980.26,3
12929.0,343,1,117.85,0
12931.0,33,5,35265.76,2
12933.0,342,1,110.75,0
12935.0,151,2,343.78,0
12939.0,38,4,6397.92,2
12942.0,455,1,258.75,0
12944.0,244,1,317.56,0
12947.0,66,4,950.12,1
12948.0,31,2,660.6700000000001,1
12949.0,91,5,3025.07,1
12950.0,152,2,1531.4,1
12951.0,221,2,467.48,0
12952.0,243,1,297.73,0
12955.0,121,5,2505.06,1
12956.0,192,1,108.07,0
12957.0,188,2,1000.2,1
12962.0,302,1,95.85000000000001,0
12963.0,333,2,630.45,1
12965.0,32,1,769.8100000000001,1
12967.0,639,1,1368.4,0
12970.0,302,2,381.67,0
12971.0,10,35,3877.92,2
12976.0,6,1,738.6,3
12977.0,187,1,39.239999999999995,0
12980.0,10,5,4082.94,2
12981.0,61,1,185.04,0
12982.0,37,1,390.54,0
12985.0,30,2,1239.38,1
12989.0,2,7,2961.31,2
12990.0,122,3,409.5,1
12993.0,33,1,197.1,0
12994.0,33,2,621.82,1
12997.0,2,1,307.92,3
12999.0,129,1,320.28000000000003,0
13000.0,425,1,201.75,0
13001.0,127,5,3717.6800000000003,1
13003.0,34,2,89.05000000000001,0
13004.0,71,7,2364.39,2
13005.0,160,1,321.65,0
13011.0,666,1,50.550000000000004,0
13012.0,67,2,330.12,0
13013.0,36,10,4000.44,2
13014.0,153,4,1434.08,1
13015.0,129,3,979.37,1
13016.0,125,1,425.25,0
13017.0,302,1,204.0,0
13018.0,91,8,2116.4,2
13021.0,128,3,952.83,1
13023.0,184,2,689.9,1
13026.0,99,5,975.36,1
13027.0,157,2,1536.0,1
13029.0,91,1,474.29999999999995,0
13030.0,547,1,402.36,0
13034.0,578,1,165.86,0
13037.0,250,1,326.9,0
13038.0,96,1,196.66,0
13040.0,183,2,676.99,1
13043.0,38,1,516.42,0
13045.0,336,1,305.28000000000003,0
13046.0,91,1,431.59,0
13047.0,122,7,1697.41,1
13049.0,184,1,502.90000000000003,0
13050.0,64,5,1911.92,1
13052.0,36,1,348.15000000000003,0
13055.0,67,1,344.86,0
13058.0,1,2,137.70000000000002,3
13059.0,251,1,183.4,0
13062.0,339,1,346.98,0
13064.0,2,2,639.03,3
13065.0,698,1,205.86,0
13066.0,153,1,151.81,0
13069.0,3,14,2825.74,2
13075.0,306,1,919.61,0
13077.0,120,2,465.55,1
13078.0,1,10,4629.86,2
13079.0,93,2,65.7,0
13081.0,61,6,17893.61,2
13082.0,217,3,1747.54,1
13083.0,213,1,111.36,0
13085.0,218,1,137.98000000000002,0
13089.0,7,37,27867.5,2
13090.0,122,6,4099.54,2
13091.0,30,1,345.82,0
13092.0,6,2,151.0,3
13093.0,99,4,3470.34,1
13094.0,39,8,1134.24,2
13097.0,94,3,1939.18,1
13098.0,34,17,19025.14,2
13099.0,335,1,207.35999999999999,0
13102.0,40,13,3843.97,2
13104.0,182,1,339.48,0
13107.0,71,1,566.84,0
13108.0,667,1,350.06,0
13109.0,31,2,786.54,1
13110.0,122,3,781.88,1
13113.0,6,11,4756.24,2
13115.0,1,2,1779.6200000000001,3
13117.0,64,5,664.71,1
13122.0,185,1,18.72,0
13124.0,32,2,2500.01,1
13126.0,69,5,1126.69,1
13130.0,185,1,64.0,0
13131.0,219,1,324.9,0
13133.0,38,2,109.8,0
13134.0,96,1,360.04,0
13136.0,36,1,574.46,0
13137.0,30,4,1989.17,1
13138.0,667,1,193.23,0
13139.0,128,3,1887.38,1
13140.0,486,1,158.26,0
13141.0,97,1,360.18,0
13144.0,40,1,110.95,0
13145.0,93,3,499.72,1
13147.0,91,2,356.40000000000003,0
13148.0,61,5,1693.18,1
13153.0,243,1,486.22,0
13155.0,183,2,468.96,1
13157.0,7,1,300.12,3
13158.0,3,3,944.65,3
13159.0,333,1,282.56,0
13162.0,94,3,1139.86,1
13166.0,342,1,417.2,0
13167.0,276,2,416.76,0
13168.0,275,1,346.53000000000003,0
13169.0,154,2,712.88,1
13173.0,213,2,353.65,0
13174.0,578,1,1369.06,0
13177.0,184,1,282.45,0
13178.0,97,3,1465.06,1
13183.0,101,4,1799.42,1
13184.0,34,5,813.19,1
13186.0,155,2,1301.94,1
13187.0,192,1,236.02,0
13192.0,216,1,447.62,0
13193.0,92,1,112.08,0
13198.0,33,3,1824.44,1
13199.0,122,13,2863.76,2
13200.0,217,1,319.32,0
13203.0,33,2,309.86,1
13207.0,4,1,197.52000000000004,3
13208.0,1,4,692.14,3
13209.0,91,4,2330.79,1
13210.0,155,1,353.48,0
13211.0,215,1,673.94,0
13212.0,92,2,291.47,0
13213.0,96,2,548.6,1
13217.0,94,2,137.02,0
13218.0,247,1,62.63999999999999,0
13220.0,158,2,643.09,1
13224.0,34,2,2155.95,1
13225.0,62,3,3428.0,1
13226.0,38,1,108.21000000000001,0
13230.0,60,7,1535.63,2
13232.0,5,3,461.58,3
13233.0,163,1,304.24,0
13235.0,36,1,1031.07,1
13240.0,246,2,334.11,0
13242.0,67,2,104.0,0
13244.0,124,1,121.74000000000001,0
13248.0,156,2,465.68,1
13249.0,124,2,419.57000000000005,1
13253.0,187,2,1030.4,1
13255.0,698,1,225.7,0
13259.0,92,1,283.18,0
13260.0,92,1,557.62,0
13263.0,6,13,2726.68,2
13265.0,2,4,1787.3,3
13266.0,61,5,1601.99,1
13267.0,10,11,2592.29,2
13268.0,7,3,837.53,3
13269.0,2,8,2939.04,2
13270.0,486,1,590.0,0
13271.0,303,1,211.49,0
13272.0,32,2,276.56,1
13276.0,154,2,590.9300000000001,1
13280.0,94,2,406.45,1
13282.0,281,1,344.70000000000005,0
13283.0,31,2,93.66,0
13285.0,338,1,796.83,0
13291.0,157,1,361.11,0
13292.0,334,1,329.37,0
13294.0,251,2,873.74,1
13297.0,276,2,1638.8999999999999,1
13298.0,121,1,360.0,0
13301.0,248,2,306.99,0
13302.0,156,1,63.75,0
13305.0,38,6,1086.21,2
13307.0,33,1,15.0,0
13309.0,2,3,1007.09,3
13310.0,29,1,314.38,0
13311.0,4,2,598.57,3
13313.0,128,3,934.04,1
13314.0,121,2,276.32,0
13316.0,303,1,1514.17,1
13317.0,245,1,959.7,0
13318.0,120,3,640.76,1
13319.0,61,15,6712.74,2
13320.0,67,2,508.61,1
13323.0,153,3,530.25,1
13324.0,32,5,4649.83,2
13327.0,158,4,2084.42,1
13329.0,122,2,789.0,1
13330.0,124,2,805.11,1
13334.0,162,2,2708.59,1
13338.0,218,1,487.02,0
13340.0,130,1,3678.03,1
13344.0,161,3,2511.69,1
13348.0,183,1,233.76,0
13351.0,245,1,373.94,0
13352.0,62,1,397.97999999999996,0
13355.0,94,1,674.7,0
13359.0,154,1,439.56,0
13362.0,129,1,768.83,0
13365.0,183,2,2225.37,1
13368.0,193,1,35.400000000000006,0
13369.0,455,1,308.28000000000003,0
13370.0,639,1,754.87,0
13372.0,32,1,378.64,0
13373.0,62,3,3312.25,1
13375.0,2,1,778.65,3
13376.0,336,1,249.76,0
13379.0,304,1,299.53,0
13381.0,32,2,1177.98,1
13382.0,252,1,222.99,0
13384.0,91,2,1305.44,1
13394.0,34,4,1218.27,1
13395.0,158,1,307.72,0
13396.0,61,1,973.72,1
13397.0,96,2,678.62,1
13402.0,247,2,621.23,1
13404.0,36,2,252.49,0
13408.0,4,22,10221.25,2
13410.0,219,1,140.4,0
13414.0,218,1,467.7,0
13417.0,213,1,404.83,0
13418.0,36,11,3642.99,2
13419.0,154,1,221.06,0
13422.0,184,1,2626.3,1
13426.0,32,5,2017.32,2
13427.0,33,2,464.86,1
13429.0,62,1,165.72,0
13431.0,2,2,1269.1,3
13434.0,246,1,72.84,0
13435.0,217,3,1137.28,1
13436.0,121,1,196.89,0
13437.0,122,4,2374.81,1
13441.0,93,1,296.64,0
13447.0,183,2,654.01,1
13448.0,220,4,1423.26,1
13450.0,32,4,1289.34,1
13451.0,5,3,1778.37,3
13455.0,486,1,692.94,0
13456.0,154,2,884.7600000000001,1
13458.0,7,8,5803.16,2
13460.0,61,1,75.98,0
13461.0,334,1,560.8,0
13462.0,341,1,151.5,0
13464.0,1,1,674.68,3
13466.0,127,1,307.9,0
13467.0,275,1,770.66,0
13468.0,1,21,3397.3,2
13470.0,336,1,49.5,0
13471.0,121,2,955.44,1
13473.0,40,2,422.64,1
13475.0,189,2,525.26,1
13476.0,283,1,727.6,0
13477.0,6,2,421.59,3
13483.0,215,1,140.34,0
13484.0,7,1,313.8,3
13486.0,157,2,819.61,1
13487.0,67,1,215.65,0
13488.0,10,4,4038.12,2
13489.0,218,1,51.36,0
13491.0,40,5,655.48,1
13492.0,97,2,676.1,1
13493.0,99,1,439.28,0
13494.0,343,1,316.26000000000005,0
13495.0,244,3,1483.39,1
13497.0,311,2,348.05,0
13499.0,61,1,323.62,0
13500.0,94,2,668.8,1
13502.0,69,1,74.56,0
13504.0,184,1,295.93,0
13506.0,578,1,301.12,0
13507.0,182,2,842.69,1
13508.0,68,1,110.97,0
13509.0,38,3,265.3,1
13510.0,96,3,1239.67,1
13513.0,217,1,205.1,0
13515.0,190,1,203.4,0
13517.0,31,1,516.24,0
13520.0,1,3,1592.45,3
13521.0,121,2,794.25,1
13522.0,91,1,125.80000000000001,0
13523.0,183,2,1545.79,1
13524.0,250,1,159.20000000000002,0
13525.0,221,1,282.88,0
13527.0,32,3,879.84,1
13531.0,486,1,305.45,0
13532.0,183,1,210.31,0
13533.0,66,1,124.14999999999999,0
13534.0,131,7,1746.18,1
13536.0,121,2,1005.1,1
13538.0,33,4,728.55,1
13539.0,284,1,164.1,0
13548.0,68,2,678.16,1
13549.0,4,3,370.2,3
13552.0,125,3,909.34,1
13557.0,30,2,584.06,1
13558.0,92,3,435.39,1
13560.0,302,1,171.42000000000002,0
13561.0,128,1,141.85999999999999,0
13562.0,129,1,603.27,0
13564.0,546,1,536.0500000000001,0
13565.0,101,1,110.17999999999999,0
13569.0,517,1,109.82000000000001,0
13570.0,68,1,239.49,0
13571.0,124,5,983.75,1
13575.0,1,1,147.41,3
13576.0,61,8,3233.78,2
13577.0,7,2,728.45,3
13579.0,578,1,164.70000000000002,0
13581.0,284,1,118.0,0
13583.0,157,1,781.03,0
13584.0,192,1,142.4,0
13587.0,154,1,712.4,0
13588.0,30,4,1043.85,1
13590.0,4,2,513.41,3
13591.0,184,1,340.9,0
13592.0,67,2,138.39,0
13593.0,163,1,559.85,0
13596.0,243,1,285.44,0
13599.0,7,11,3279.68,2
13601.0,6,1,373.2,3
13602.0,184,1,428.89,0
13606.0,60,3,276.75,1
13610.0,68,2,230.25,0
13611.0,32,1,517.68,0
13614.0,32,1,302.15,0
13617.0,5,1,131.10999999999999,3
13623.0,91,2,335.56,0
13626.0,341,1,257.23,0
13627.0,31,1,304.29,0
13629.0,91,5,3604.0,1
13630.0,127,3,984.6999999999999,1
13631.0,336,1,52.5,0
13632.0,68,1,259.24,0
13634.0,37,2,466.29,1
13635.0,276,1,1071.03,0
13636.0,94,3,657.27,1
13637.0,219,1,262.25,0
13642.0,128,1,312.28,0
13643.0,122,3,519.44,1
13645.0,33,1,252.1,0
13649.0,486,1,197.8,0
13650.0,2,3,792.58,3
13651.0,244,1,15.0,0
13652.0,547,1,308.8,0
13654.0,37,2,798.24,1
13655.0,7,1,383.65,3
13656.0,193,1,162.70000000000002,0
13662.0,36,1,288.74,0
13666.0,62,1,20.6,0
13668.0,37,9,2234.54,2
13672.0,39,2,186.39000000000001,0
13673.0,153,1,204.12,0
13675.0,34,1,178.38000000000002,0
13678.0,34,1,232.6,0
13680.0,121,3,3026.67,1
13681.0,157,2,531.08,1
13682.0,219,1,59.5,0
13685.0,62,5,2519.15,1
13686.0,66,1,72.0,0
13689.0,154,1,910.0,0
13690.0,31,1,172.25,0
13692.0,67,1,14.95,0
13694.0,67,18,19940.56,2
13695.0,3,9,1724.47,2
13697.0,334,1,151.29999999999998,0
13699.0,157,1,308.58000000000004,0
13700.0,7,3,719.98,3
13704.0,1,3,650.53,3
13705.0,302,2,507.32,0
13706.0,70,1,330.79,0
13709.0,182,8,3079.64,2
13710.0,122,1,180.48,0
13711.0,220,2,252.06,0
13712.0,160,1,228.84,0
13715.0,224,5,1077.39,1
13717.0,153,2,389.25,0
13718.0,160,1,192.5,0
13719.0,183,1,330.79,0
13721.0,275,1,524.14,0
13722.0,311,1,1463.47,1
13723.0,189,1,199.85000000000002,0
13725.0,162,2,1168.63,1
13726.0,334,1,786.98,0
13727.0,30,2,333.48,1
13728.0,275,2,377.7,0
13730.0,338,1,306.75,0
13731.0,160,2,610.59,1
13732.0,30,1,491.86,0
13736.0,243,1,372.27,0
13741.0,96,2,363.13,0
13742.0,32,5,954.87,1
13743.0,2,4,916.68,3
13744.0,216,1,263.2,0
13747.0,698,1,79.6,0
13748.0,160,4,800.8,1
13750.0,163,1,325.44,0
13752.0,97,5,876.39,1
13754.0,34,1,126.6,0
13755.0,154,3,726.8100000000001,1
13756.0,62,8,3326.6400000000003,2
13758.0,101,5,1784.37,1
13759.0,183,1,99.0,0
13762.0,220,1,306.72,0
13763.0,154,1,1714.96,1
13764.0,193,1,499.89,0
13767.0,34,17,8407.1,2
13769.0,94,6,1670.8000000000002,1
13771.0,184,3,2041.2,1
13772.0,183,2,894.21,1
13777.0,90,18,12215.31,2
13780.0,302,1,243.73000000000002,0
13781.0,282,1,127.84,0
13782.0,156,2,266.0,0
13784.0,40,6,1123.47,2
13786.0,517,1,230.39999999999998,0
13787.0,425,1,106.4,0
13790.0,213,1,348.8,0
13791.0,247,1,579.0,0
13792.0,245,1,120.95,0
13798.0,2,29,21790.46,2
13800.0,284,1,558.32,0
13801.0,245,1,324.8,0
13802.0,343,1,969.74,0
13804.0,91,4,844.85,1
13805.0,306,1,500.24,0
13806.0,154,1,256.38,0
13807.0,517,1,112.6,0
13808.0,155,4,1591.56,1
13809.0,162,1,155.05,0
13810.0,30,1,246.01,0
13811.0,96,1,333.0,0
13812.0,184,1,139.88,0
13813.0,32,1,292.24,0
13814.0,124,1,961.58,1
13816.0,184,1,371.69,0
13817.0,60,1,254.28,0
13819.0,39,2,732.05,1
13822.0,243,1,163.62,0
13823.0,93,1,650.42,0
13824.0,7,3,1371.28,3
13831.0,220,2,719.3,1
13833.0,279,1,383.85,0
13835.0,128,2,537.34,1
13837.0,6,1,157.54000000000002,3
13838.0,243,2,437.94,0
13841.0,341,1,85.0,0
13842.0,1,6,2137.09,2
13845.0,184,1,312.98,0
13846.0,37,1,252.53,0
13848.0,124,2,640.0,1
13850.0,306,1,1595.48,1
13851.0,216,2,2405.14,1
13854.0,2,11,3696.87,2
13856.0,96,1,124.60000000000001,0
13860.0,121,1,319.45,0
13862.0,40,3,1026.16,1
13863.0,190,1,305.78,0
13865.0,1,2,277.44,3
13867.0,122,2,561.3,1
13868.0,302,2,3192.54,1
13869.0,125,1,1510.49,1
13870.0,152,1,152.75,0
13871.0,69,3,1392.0,1
13873.0,3,3,389.6,3
13875.0,39,2,724.85,1
13876.0,154,1,122.7,0
13880.0,188,4,837.74,1
13881.0,37,9,9414.78,2
13882.0,91,3,435.34000000000003,1
13883.0,220,3,762.37,1
13884.0,32,5,787.6,1
13885.0,280,1,107.65,0
13888.0,3,2,595.67,3
13889.0,124,1,416.90000000000003,0
13890.0,121,5,913.1500000000001,1
13892.0,160,2,395.73,0
13894.0,312,1,160.85,0
13895.0,30,2,1655.77,1
13899.0,69,1,298.5,0
13900.0,95,1,8.5,0
13901.0,248,1,1561.0900000000001,1
13904.0,303,1,131.52,0
13908.0,97,3,1461.61,1
13911.0,128,3,867.47,1
13914.0,275,1,321.07,0
13917.0,339,1,65.38,0
13919.0,31,2,384.81,1
13924.0,121,2,474.73,1
13925.0,64,3,298.13,1
13928.0,122,1,131.22,0
13931.0,216,2,1237.53,1
13938.0,244,1,71.66,0
13939.0,343,1,184.5,0
13940.0,184,1,225.24,0
13941.0,32,2,2123.16,1
13947.0,215,1,90.6,0
13949.0,152,3,1359.04,1
13950.0,160,1,179.30999999999997,0
13952.0,189,1,1208.31,1
13953.0,69,2,911.32,1
13954.0,121,1,212.51,0
13955.0,126,2,322.96,0
13956.0,68,2,325.85,0
13959.0,282,2,337.44,0
13962.0,129,1,117.6,0
13963.0,253,3,548.86,1
13969.0,31,9,4013.25,2
13971.0,31,2,703.36,1
13975.0,122,5,2309.48,1
13980.0,62,1,200.14,0
13982.0,455,1,428.6,0
13983.0,1,7,1279.38,2
13984.0,217,3,689.38,1
13985.0,1,8,3181.1,2
13989.0,215,1,369.40999999999997,0
13990.0,67,1,311.3,0
13992.0,91,1,76.8,0
13993.0,32,2,845.3,1
13994.0,182,2,885.21,1
13995.0,129,1,310.45,0
13999.0,30,5,1586.57,2
14000.0,6,1,635.66,3
14001.0,698,1,301.24,0
14002.0,187,1,224.79,0
14004.0,246,2,957.0,1
14005.0,128,1,187.16,0
14006.0,7,1,357.65,3
14012.0,161,1,328.8,0
14013.0,99,1,118.5,0
14016.0,338,1,976.58,0
14019.0,305,1,416.24,0
14020.0,2,1,331.14,3
14021.0,6,2,433.0,3
14023.0,282,2,584.07,1
14024.0,64,2,327.7,0
14027.0,62,1,104.82,0
14029.0,154,1,302.46,0
14030.0,32,7,1816.81,2
14031.0,192,8,7549.67,2
14032.0,7,5,1202.68,3
14034.0,218,2,473.90999999999997,0
14035.0,30,1,300.32,0
14037.0,425,1,111.8,0
14039.0,183,1,152.2,0
14040.0,10,5,2096.92,2
14044.0,284,1,170.44,0
14045.0,193,3,1251.75,1
14047.0,163,3,647.37,1
14048.0,162,1,409.93,0
14049.0,248,1,226.93,0
14050.0,122,1,260.38,0
14051.0,31,10,6933.570000000001,2
14053.0,156,2,260.25,0
14054.0,215,1,92.46,0
14056.0,36,11,3955.78,2
14057.0,32,5,1160.15,1
14060.0,71,6,1970.1200000000001,2
14062.0,93,2,1965.5,1
14064.0,6,3,704.12,3
14067.0,154,2,374.7,0
14071.0,122,3,305.86,1
14073.0,153,1,151.04,0
14075.0,213,1,316.78,0
14076.0,306,1,118.67,0
14077.0,66,2,227.9,0
14078.0,67,3,491.46,1
14079.0,156,1,375.1,0
14080.0,153,1,45.599999999999994,0
14081.0,70,2,921.62,1
14082.0,425,1,182.25,0
14083.0,38,5,795.77,1
14085.0,99,6,1336.21,1
14087.0,152,1,191.47,0
14088.0,278,4,12777.66,1
14092.0,276,4,1013.25,1
14096.0,61,6,19798.67,2
14098.0,275,1,147.35,0
14099.0,33,4,1206.43,1
14102.0,243,2,450.4,0
14104.0,126,1,104.95,0
14107.0,246,3,1288.15,1
14108.0,91,1,306.58,0
14110.0,2,6,2853.15,2
14111.0,7,2,142.5,3
14112.0,99,2,1365.42,1
14113.0,182,1,471.9,0
14114.0,38,1,191.39999999999998,0
14116.0,64,4,1169.82,1
14121.0,31,3,2251.67,1
14125.0,30,1,1091.28,1
14126.0,302,1,62.5,0
14127.0,94,2,572.11,1
14128.0,62,1,331.96,0
14129.0,121,3,519.91,1
14132.0,4,7,2261.71,2
14133.0,306,2,287.64,0
14135.0,40,10,3307.25,2
14138.0,121,2,965.8800000000001,1
14140.0,122,2,935.05,1
14141.0,31,2,425.82000000000005,1
14142.0,698,1,311.81,0
14145.0,187,3,2851.2,1
14146.0,333,1,1225.16,1
14149.0,281,1,446.62,0
14150.0,244,1,352.46000000000004,0
14156.0,1,24,37193.4,2
14159.0,216,3,1218.24,1
14161.0,128,3,1097.6200000000001,1
14163.0,65,1,909.6,1
14165.0,99,1,120.44,0
14167.0,10,1,148.35,3
14171.0,305,1,363.79,0
14173.0,250,1,114.04,0
14174.0,183,1,134.46,0
14175.0,31,1,2016.31,1
14176.0,517,1,159.55,0
14177.0,216,2,191.33,0
14178.0,30,5,1241.91,1
14180.0,61,11,2091.27,2
14184.0,245,1,452.89,0
14185.0,10,1,197.65,3
14188.0,91,4,1426.76,1
14189.0,61,6,1974.68,2
14191.0,64,5,1584.07,1
14193.0,276,1,430.85,0
14194.0,31,4,1602.2,1
14195.0,341,1,828.4,0
14199.0,220,1,185.39999999999998,0
14201.0,62,3,355.12,1
14204.0,152,1,150.61,0
14208.0,185,1,151.74,0
14209.0,40,3,1017.23,1
14210.0,254,2,668.61,1
14211.0,246,1,220.04000000000002,0
14212.0,32,1,1070.48,1
14214.0,91,3,765.4,1
14215.0,188,2,342.16,0
14216.0,182,3,1046.3600000000001,1
14217.0,40,9,973.6899999999999,2
14219.0,213,1,89.94,0
14220.0,190,1,319.42,0
14221.0,254,3,1102.8,1
14223.0,124,2,686.23,1
14224.0,128,1,247.76999999999998,0
14226.0,30,2,337.02000000000004,1
14227.0,129,1,304.33000000000004,0
14229.0,71,1,456.97,0
14231.0,96,1,307.76,0
14232.0,188,1,310.79,0
14233.0,6,2,858.25,3
14234.0,91,1,209.48,0
14235.0,218,2,1538.31,1
14236.0,666,1,189.3,0
14237.0,698,1,161.0,0
14239.0,160,5,1161.3,1
14240.0,91,1,663.49,0
14241.0,96,1,213.70000000000002,0
14243.0,129,5,1184.56,1
14245.0,250,1,688.35,0
14246.0,129,1,449.64,0
14247.0,191,1,136.76999999999998,0
14250.0,32,3,1904.05,1
14251.0,121,1,482.28000000000003,0
14256.0,425,1,523.86,0
14257.0,125,4,2479.58,1
14258.0,32,5,7609.18,2
14262.0,61,3,1124.36,1
14264.0,126,2,333.97,0
14270.0,10,1,492.65000000000003,3
14273.0,37,2,218.7,0
14276.0,5,2,778.54,3
14277.0,36,1,1629.03,1
14282.0,122,4,1178.4,1
14284.0,91,1,343.15,0
14285.0,303,1,300.6,0
14286.0,37,1,2050.08,1
14287.0,333,1,93.35,0
14288.0,67,1,426.6,0
14289.0,7,2,225.78,3
14290.0,276,1,728.5,0
14291.0,33,5,2478.31,2
14292.0,2,4,1430.06,3
14293.0,162,3,815.1700000000001,1
14297.0,62,2,710.1,1
14298.0,91,10,16044.25,2
14299.0,1,4,1647.72,3
14304.0,340,1,383.45,0
14307.0,2,4,1895.36,3
14309.0,30,5,1446.41,1
14311.0,37,1,310.26,0
14312.0,38,5,1047.19,1
14315.0,126,3,652.35,1
14317.0,184,1,508.58000000000004,0
14320.0,40,1,352.51,0
14321.0,71,1,326.82,0
14326.0,37,1,183.85,0
14329.0,38,1,578.02,0
14331.0,156,1,79.0,0
14332.0,245,1,440.2,0
14333.0,276,1,415.2,0
14334.0,69,3,1017.01,1
14335.0,246,1,347.5,0
14336.0,130,2,764.45,1
14338.0,338,1,8.25,0
14339.0,37,1,309.52,0
14340.0,220,1,134.7,0
14341.0,128,3,688.81,1
14342.0,122,1,91.03999999999999,0
14344.0,99,4,604.13,1
14345.0,334,1,108.97999999999999,0
14346.0,33,1,759.14,1
14350.0,69,1,282.93,0
14352.0,38,3,464.94000000000005,1
14353.0,128,1,90.6,0
14354.0,91,2,163.62,0
14355.0,455,1,174.4,0
14360.0,122,4,2118.03,1
14364.0,6,3,1763.8,3
14367.0,34,9,4785.9,2
14375.0,158,1,235.56,0
14377.0,339,1,302.45,0
14383.0,184,2,1005.6,1
14387.0,153,1,797.86,0
14388.0,64,6,2281.92,2
14389.0,215,2,1043.46,1
14390.0,6,3,1097.16,3
14393.0,219,1,67.95,0
14395.0,61,6,2135.23,2
14396.0,215,2,487.99,1
14397.0,5,8,1405.1,2
14401.0,66,5,1718.14,1
14403.0,189,3,1180.01,1
14404.0,183,2,256.03,0
14406.0,3,1,156.75,3
14407.0,130,1,357.18,0
14408.0,185,3,1451.64,1
14409.0,94,3,519.6,1
14410.0,124,4,354.21999999999997,1
14411.0,312,1,1063.0,0
14413.0,364,1,121.05,0
14414.0,93,2,359.9,0
14415.0,66,7,3268.22,2
14418.0,182,1,897.35,0
14419.0,62,4,607.24,1
14420.0,335,1,387.52,0
14421.0,6,1,455.18,3
14422.0,90,1,382.01,0
14423.0,220,1,265.2,0
14426.0,130,3,1719.33,1
14427.0,154,1,321.74,0
14428.0,275,2,689.94,1
14431.0,70,1,470.36,0
14432.0,32,3,665.7,1
14434.0,62,3,552.0,1
14436.0,305,1,89.06,0
14437.0,455,1,63.0,0
14438.0,192,1,131.9,0
14440.0,333,2,1273.95,1
14441.0,90,2,646.26,1
14443.0,312,2,608.4,1
14446.0,30,3,638.83,1
14447.0,252,1,265.0,0
14448.0,424,1,102.35000000000001,0
14449.0,160,3,698.47,1
14450.0,5,2,322.22,3
14451.0,62,1,283.9,0
14452.0,155,1,127.37,0
14453.0,308,1,119.93,0
14456.0,32,3,1426.9,1
14457.0,312,1,113.64,0
14459.0,157,1,1837.92,1
14460.0,312,1,30.0,0
14462.0,33,7,1432.22,2
14463.0,305,1,220.2,0
14465.0,70,3,1038.44,1
14466.0,61,5,1832.45,1
14472.0,65,3,616.79,1
14473.0,311,1,85.0,0
14475.0,131,2,622.17,1
14477.0,127,1,358.0,0
14479.0,455,1,174.4,0
14482.0,91,3,781.9300000000001,1
14483.0,283,1,137.1,0
14485.0,334,1,162.8,0
14487.0,32,2,524.47,1
14488.0,276,1,1064.28,0
14491.0,667,1,127.2,0
14493.0,91,3,1602.54,1
14495.0,64,1,40.599999999999994,0
14496.0,343,2,538.8100000000001,0
14497.0,284,1,475.37,0
14498.0,188,1,147.02,0
14499.0,191,1,122.87,0
14500.0,2,2,305.85,3
14501.0,96,1,184.28,0
14502.0,183,3,932.48,1
14503.0,182,2,770.87,1
14504.0,68,2,408.15,1
14505.0,67,4,2951.57,1
14506.0,245,3,1219.88,1
14507.0,128,3,615.31,1
14508.0,32,1,137.56,0
14511.0,124,3,875.33,1
14512.0,219,1,148.95999999999998,0
14514.0,10,2,842.34,3
14515.0,220,3,1323.87,1
14517.0,183,1,78.0,0
14518.0,184,1,174.37,0
14520.0,121,1,105.60000000000001,0
14522.0,124,1,482.07,0
14524.0,122,2,306.5,0
14525.0,32,2,1405.78,1
14527.0,2,19,3456.48,2
14528.0,303,1,364.21999999999997,0
14529.0,62,1,240.47,0
14530.0,155,3,1399.21,1
14533.0,32,4,1062.08,1
14534.0,3,10,2402.92,2
14535.0,62,3,2854.84,1
14538.0,184,1,281.75,0
14540.0,284,1,195.9,0
14541.0,1,3,319.1,3
14542.0,158,1,103.25,0
14543.0,30,8,1603.08,2
14546.0,221,2,1057.12,1
14547.0,182,3,953.4000000000001,1
14548.0,4,1,326.4,3
14549.0,343,1,289.24,0
14552.0,34,1,164.22,0
14553.0,183,4,717.79,1
14555.0,70,1,186.34,0
14560.0,60,10,1027.95,2
14561.0,127,1,222.07,0
14562.0,61,8,1931.81,2
14565.0,216,1,538.8000000000001,0
14567.0,337,1,800.76,0
14569.0,121,1,227.39,0
14570.0,252,2,218.06,0
14572.0,182,1,135.05,0
14573.0,36,4,1003.42,1
14576.0,666,1,35.400000000000006,0
14577.0,364,1,346.90000000000003,0
14578.0,182,1,168.63,0
14583.0,158,2,384.87,0
14584.0,95,1,344.81,0
14586.0,130,1,237.36,0
14587.0,10,7,1279.42,2
14589.0,639,1,39.75,0
14591.0,67,1,204.02,0
14592.0,183,2,424.0,0
14594.0,302,2,363.33,0
14595.0,92,1,141.75,0
14597.0,339,1,165.1,0
14600.0,162,1,393.33000000000004,0
14603.0,69,1,660.0,0
14606.0,6,38,5022.05,2
14607.0,275,1,1000.0,0
14608.0,60,3,1198.2,1
14616.0,37,1,158.4,0
14618.0,193,1,211.8,0
14619.0,129,1,394.44,0
14620.0,342,1,235.35,0
14621.0,91,4,1482.66,1
14622.0,127,1,320.58000000000004,0
14623.0,153,2,367.52,0
14624.0,31,1,210.25,0
14626.0,94,2,1595.3,1
14628.0,37,2,671.96,1
14629.0,213,1,352.08,0
14636.0,275,1,309.66,0
14639.0,33,2,754.1,1
14640.0,31,2,802.3100000000001,1
14642.0,1,1,96.12,3
14644.0,276,1,643.26,0
14645.0,99,2,597.09,1
14646.0,3,28,87617.39,2
14649.0,36,3,1089.53,1
14651.0,6,2,653.75,3
14653.0,121,4,1229.72,1
14655.0,333,2,1173.47,1
14656.0,342,1,133.11,0
14657.0,156,2,222.86,0
14658.0,243,1,124.01,0
14659.0,189,4,840.8199999999999,1
14662.0,30,2,489.12,1
14664.0,183,1,387.39,0
14665.0,32,3,1498.44,1
14667.0,69,13,4797.29,2
14669.0,7,3,1259.24,3
14670.0,252,2,392.86,0
14672.0,163,1,285.28000000000003,0
14673.0,182,3,1044.94,1
14676.0,122,2,933.6,1
14680.0,64,7,13441.85,2
14681.0,6,1,393.95,3
14682.0,219,1,31.200000000000003,0
14684.0,128,2,493.44,1
14688.0,4,10,3197.45,2
14690.0,34,1,212.56,0
14691.0,36,3,1619.94,1
14696.0,3,5,1465.45,3
14697.0,220,2,188.60999999999999,0
14698.0,121,1,152.18,0
14699.0,97,1,109.13000000000001,0
14700.0,153,2,1473.55,1
14701.0,190,2,527.64,1
14702.0,101,9,1654.06,2
14704.0,5,1,100.75,3
14708.0,126,3,1126.37,1
14709.0,91,7,2611.89,2
14710.0,31,1,172.91,0
14711.0,93,4,956.37,1
14712.0,61,1,495.6,0
14713.0,61,7,1904.74,2
14715.0,10,2,485.25,3
14719.0,62,3,929.76,1
14720.0,32,3,663.81,1
14723.0,275,3,413.19,1
14727.0,69,1,268.58,0
14729.0,698,1,313.49,0
14730.0,121,4,1276.31,1
14731.0,36,1,127.66,0
14732.0,2,7,2367.39,2
14733.0,40,3,3901.83,1
14735.0,182,3,767.29,1
14737.0,182,2,730.55,1
14738.0,6,3,630.33,3
14739.0,185,6,3392.32,1
14740.0,342,1,521.1,0
14741.0,667,1,184.5,0
14744.0,31,2,308.75,1
14745.0,127,1,341.07,0
14747.0,251,1,328.2,0
14748.0,36,5,1415.75,1
14755.0,101,1,488.46000000000004,0
14759.0,213,1,755.12,0
14761.0,1,2,255.9,3
14765.0,60,1,158.61,0
14766.0,67,3,960.07,1
14768.0,247,1,133.20000000000002,0
14769.0,152,1,341.96999999999997,0
14775.0,1,2,717.0,3
14776.0,219,1,214.56,0
14778.0,247,2,730.86,1
14779.0,252,1,38.0,0
14788.0,302,1,310.99,0
14789.0,30,1,197.64,0
14790.0,3,2,428.62,3
14792.0,154,1,6.2,0
14794.0,91,3,531.11,1
14796.0,34,7,3497.9700000000003,2
14798.0,312,1,75.68,0
14800.0,31,7,2757.24,2
14801.0,92,1,189.34,0
14803.0,99,1,188.64,0
14804.0,333,1,353.27,0
14808.0,65,2,443.06,1
14810.0,101,3,461.09,1
14813.0,578,2,152.88,0
14815.0,275,2,778.5,1
14817.0,161,1,580.79,0
14819.0,184,1,187.35,0
14820.0,183,1,139.1,0
14821.0,486,1,48.800000000000004,0
14823.0,5,1,110.78,3
14824.0,93,2,497.41,1
14825.0,32,6,976.08,2
14828.0,163,1,582.0,0
14829.0,61,3,549.1899999999999,1
14834.0,1,2,529.55,3
14836.0,30,2,79.05,0
14837.0,32,1,303.94,0
14841.0,31,2,1169.69,1
14842.0,216,3,1901.52,1
14844.0,7,3,2521.01,3
14849.0,3,15,4256.8,2
14850.0,343,1,325.75,0
14852.0,1,3,1692.88,3
14853.0,6,1,214.5,3
14854.0,69,2,655.36,1
14855.0,3,1,339.3,3
14856.0,275,2,308.11,0
14857.0,31,1,650.6,1
14863.0,61,1,266.76,0
14865.0,302,2,52.2,0
14866.0,31,4,6181.32,2
14867.0,158,3,710.28,1
14868.0,33,5,1806.42,2
14869.0,333,1,334.39,0
14871.0,182,1,165.98000000000002,0
14878.0,5,2,254.01,3
14880.0,158,1,218.47,0
14882.0,183,1,247.9,0
14883.0,6,1,310.56,3
14886.0,341,1,364.8,0
14889.0,163,1,135.9,0
14891.0,219,1,449.38,0
14895.0,61,10,4899.95,2
14896.0,455,1,257.22,0
14897.0,2,2,789.96,3
14898.0,70,2,266.85,0
14901.0,2,5,784.01,3
14903.0,156,3,1712.15,1
14904.0,152,1,628.48,0
14905.0,218,1,307.6,0
14907.0,30,4,2187.35,1
14910.0,122,2,212.44,0
14911.0,1,75,59112.81,2
14912.0,160,1,482.78999999999996,0
14913.0,38,3,926.56,1
14915.0,93,2,307.48,0
14916.0,155,1,266.48,0
14918.0,126,1,765.4200000000001,0
14920.0,36,2,977.77,1
14921.0,91,1,413.06,0
14924.0,129,1,310.05,0
14929.0,152,1,223.88,0
14930.0,69,1,1104.13,1
14931.0,213,1,198.4,0
14932.0,455,1,363.53,0
14934.0,311,1,828.84,0
14936.0,99,6,4640.5,2
14937.0,337,1,759.56,0
14944.0,61,7,2711.94,2
14947.0,337,1,178.5,0
14948.0,250,2,360.76,0
14952.0,2,5,3717.92,2
14958.0,129,2,376.33,0
14959.0,128,2,401.82,0
14960.0,333,1,132.97,0
14961.0,93,3,2087.12,1
14963.0,96,2,590.78,1
14964.0,190,1,206.21,0
14965.0,246,2,596.09,1
14968.0,91,1,147.59,0
14970.0,304,2,917.06,1
14971.0,244,2,491.37,0
14972.0,278,1,114.77,0
14974.0,303,1,89.94,0
14976.0,69,1,115.57000000000001,0
14981.0,160,1,102.12,0
14984.0,5,1,102.23,3
14987.0,455,1,163.2,0
14988.0,6,1,334.54,3
14995.0,252,2,231.98000000000002,0
14997.0,2,1,278.4,3
14998.0,7,1,183.64,3
15002.0,224,2,893.15,1
15005.0,101,11,2411.22,2
15007.0,279,1,156.91,0
15010.0,244,1,308.94,0
15012.0,698,1,188.56,0
15017.0,183,1,125.58,0
15018.0,334,3,496.21000000000004,1
15021.0,187,4,920.41,1
15023.0,130,5,3318.25,1
15024.0,30,6,1072.12,2
15025.0,183,1,361.96,0
15026.0,161,1,108.97999999999999,0
15027.0,91,2,411.9,1
15028.0,333,2,300.67,0
15031.0,90,3,542.23,1
15032.0,486,2,2770.6,1
15033.0,125,3,374.49,1
15034.0,30,3,1643.96,1
15035.0,32,1,252.73000000000002,0
15038.0,1,6,685.74,3
15039.0,71,20,8469.61,2
15043.0,122,1,537.0,0
15044.0,7,6,2570.19,2
15045.0,34,1,346.76,0
15046.0,70,7,2561.25,2
15048.0,215,3,313.77,1
15049.0,38,1,121.17000000000002,0
15051.0,4,1,377.74,3
15053.0,187,3,693.95,1
15057.0,99,1,358.5,0
15058.0,68,4,764.19,1
15059.0,101,2,381.89,1
15060.0,333,1,16.61,0
15061.0,6,28,31902.3,2
15062.0,189,1,353.06,0
15063.0,67,1,370.79999999999995,0
15065.0,303,1,299.38,0
15067.0,311,1,848.05,0
15070.0,667,1,106.2,0
15071.0,99,2,982.07,1
15073.0,158,2,861.96,1
15078.0,94,11,3272.2200000000003,2
15079.0,36,3,528.32,1
15081.0,215,2,191.45,0
15087.0,283,1,306.94,0
15088.0,276,1,864.19,0
15089.0,185,2,1580.61,1
15090.0,253,1,381.32,0
15091.0,276,1,480.71,0
15092.0,128,2,457.81,1
15093.0,224,2,1844.13,1
15097.0,213,1,248.08,0
15098.0,66,3,39916.5,2
15100.0,71,3,876.0,1
15101.0,333,1,215.25,0
15103.0,122,1,411.68,0
15104.0,311,1,374.64,0
15105.0,276,1,541.03,0
15106.0,6,2,637.38,3
15107.0,40,4,243.5,1
15108.0,188,2,432.05,0
15109.0,129,1,484.95,0
15110.0,217,1,206.9,0
15111.0,61,3,1567.48,1
15114.0,39,6,1860.49,2
15117.0,33,2,675.73,1
15119.0,129,1,266.4,0
15123.0,302,1,1129.84,0
15124.0,339,1,90.75,0
15125.0,62,2,375.0,1
15127.0,215,1,406.53,0
15128.0,62,3,1096.6,1
15129.0,217,2,509.7,1
15133.0,39,2,657.72,1
15134.0,67,3,505.27000000000004,1
15136.0,152,3,839.8,1
15139.0,163,1,122.10000000000001,0
15144.0,1,6,3023.9,2
15145.0,212,2,580.59,1
15150.0,153,5,2052.5099999999998,1
15152.0,62,5,2079.93,1
15153.0,122,1,329.25,0
15156.0,120,3,961.49,1
15157.0,126,2,850.61,1
15159.0,32,14,6671.65,2
15164.0,254,2,629.79,1
15165.0,698,1,487.75,0
15171.0,10,1,1289.5,3
15172.0,333,1,376.1,0
15179.0,341,1,102.0,0
15180.0,517,1,87.5,0
15181.0,245,1,254.48,0
15182.0,126,1,252.37,0
15184.0,61,2,402.2,1
15187.0,36,8,2001.52,2
15189.0,7,18,6206.29,2
15192.0,3,3,1044.32,3
15193.0,62,1,499.32,0
15194.0,122,8,4224.03,2
15195.0,152,1,3861.0,1
15197.0,341,1,216.75,0
15198.0,124,2,193.64,0
15199.0,31,3,964.65,1
15201.0,190,3,632.47,1
15203.0,343,1,211.94,0
15205.0,247,1,476.29999999999995,0
15206.0,99,2,201.29999999999998,0
15208.0,120,3,546.6,1
15211.0,62,2,894.4100000000001,1
15212.0,7,1,101.8,3
15214.0,37,5,1068.19,1
15215.0,246,1,300.04,0
15218.0,189,1,647.75,0
15220.0,252,1,316.11,0
15221.0,486,1,403.25,0
15223.0,251,1,300.85,0
15224.0,364,1,11.6,0
15226.0,312,1,154.41,0
15227.0,128,3,594.33,1
15228.0,245,2,2133.2599999999998,1
15234.0,130,1,197.0,0
15235.0,160,7,1121.97,1
15237.0,121,1,83.6,0
15238.0,61,3,1071.99,1
15240.0,7,3,1045.38,3
15241.0,96,5,1119.71,1
15244.0,215,2,631.57,1
15245.0,219,1,486.24,0
15247.0,94,1,356.0,0
15249.0,3,7,3636.29,2
15251.0,4,4,6339.32,2
15252.0,96,2,740.78,1
15253.0,2,2,466.75,3
15254.0,247,1,300.36,0
15255.0,245,1,890.85,0
15257.0,342,1,317.15,0
15258.0,189,1,315.66,0
15260.0,188,3,808.38,1
15264.0,184,1,393.74,0
15265.0,34,1,793.88,1
15266.0,224,1,119.3,0
15267.0,1,3,1527.76,3
15270.0,39,3,1013.5,1
15271.0,5,8,1328.66,2
15274.0,213,1,332.58000000000004,0
15275.0,303,1,615.14,0
15276.0,245,1,128.63,0
15281.0,1,3,1025.19,3
15288.0,157,2,548.01,1
15289.0,61,2,617.25,1
15290.0,122,7,3202.81,2
15291.0,5,10,3157.42,2
15296.0,36,2,878.26,1
15297.0,61,2,380.26,1
15298.0,124,5,2145.34,1
15299.0,276,5,3307.01,1
15300.0,184,1,496.44,0
15301.0,219,3,1345.28,1
15304.0,62,4,391.5,1
15306.0,124,2,829.73,1
15307.0,216,1,205.3,0
15308.0,69,1,310.47,0
15311.0,1,41,32280.63,2
15312.0,128,1,318.15999999999997,0
15315.0,184,1,336.96,0
15318.0,182,1,312.62,0
15319.0,342,1,204.5,0
15326.0,71,1,311.71,0
15330.0,62,2,714.96,1
15332.0,486,4,1661.06,1
15334.0,187,1,127.53,0
15339.0,245,1,316.17,0
15342.0,306,1,406.09,0
15344.0,90,2,255.25,0
15346.0,40,1,252.42000000000002,0
15347.0,486,1,201.60000000000002,0
15349.0,219,2,463.90999999999997,0
15350.0,698,1,115.65,0
15351.0,31,4,770.36,1
15353.0,517,1,311.65,0
15355.0,61,1,150.8,0
15356.0,122,5,1226.44,1
15358.0,2,11,5004.54,2
15363.0,667,1,326.0,0
15364.0,216,1,581.39,0
15365.0,246,1,752.6700000000001,0
15367.0,99,2,1416.18,1
15370.0,31,2,217.2,0
15373.0,333,2,679.83,1
15374.0,278,1,168.0,0
15376.0,340,1,642.37,0
15379.0,99,3,1341.3700000000001,1
15380.0,333,2,615.4000000000001,1
15381.0,67,1,314.55,0
15382.0,127,2,539.1,1
15386.0,188,1,394.14,0
15392.0,2,3,1196.55,3
15393.0,283,1,124.10000000000001,0
15399.0,121,1,266.64,0
15400.0,124,4,649.0,1
15405.0,280,1,349.1,0
15406.0,39,2,510.71000000000004,1
15407.0,96,4,1046.74,1
15410.0,306,2,727.48,1
15411.0,66,2,382.21,1
15414.0,37,2,421.5,1
15416.0,156,3,3085.13,1
15421.0,1,4,950.36,3
15423.0,334,1,43.5,0
15426.0,183,3,714.6,1
15427.0,183,2,1071.05,1
15433.0,67,1,160.66,0
15434.0,122,2,454.20000000000005,1
15442.0,221,1,594.0,0
15443.0,121,1,375.38,0
15449.0,158,1,301.78,0
15450.0,91,1,429.84,0
15452.0,61,1,125.4,0
15453.0,121,4,899.79,1
15454.0,364,1,179.1,0
15456.0,342,2,203.37,0
15462.0,185,2,169.8,0
15463.0,61,1,126.14,0
15464.0,224,1,1044.65,1
15465.0,5,7,2168.66,2
15467.0,65,1,288.42,0
15469.0,33,1,304.3,0
15471.0,152,1,454.48,0
15473.0,1,6,1363.2,3
15482.0,274,2,2629.3999999999996,1
15483.0,338,3,114.31,0
15484.0,121,1,674.25,0
15485.0,91,3,2564.5,1
15488.0,124,1,91.32000000000001,0
15489.0,6,1,348.26,3
15491.0,216,2,921.6300000000001,1
15492.0,30,1,171.72,0
15493.0,153,3,1071.0,1
15494.0,64,1,1119.88,1
15498.0,6,12,6030.88,2
15500.0,333,1,266.26,0
15502.0,32,10,9736.98,2
15503.0,364,1,141.04,0
15505.0,157,2,1446.18,1
15508.0,250,4,481.8,1
15511.0,334,1,229.8,0
15512.0,157,1,19.799999999999997,0
15513.0,6,10,7650.21,2
15514.0,183,6,2385.17,1
15518.0,40,6,1677.71,2
15520.0,121,1,343.5,0
15521.0,36,5,1401.8899999999999,1
15522.0,153,1,138.94,0
15525.0,152,2,540.61,1
15526.0,183,2,148.44,0
15527.0,32,4,1485.64,1
15529.0,99,5,1316.15,1
15530.0,160,1,548.09,0
15531.0,90,2,1972.39,1
15533.0,32,1,449.65999999999997,0
15539.0,302,1,538.46,0
15544.0,3,6,2535.27,2
15545.0,638,1,135.32999999999998,0
15547.0,32,5,2482.17,2
15549.0,218,1,689.58,0
15550.0,39,2,280.25,0
15551.0,275,1,436.06,0
15552.0,189,1,90.12,0
15553.0,62,1,428.93,0
15554.0,161,1,217.2,0
15555.0,1,8,2535.63,2
15557.0,30,1,468.91,0
15561.0,128,1,265.75,0
15568.0,152,1,335.77,0
15569.0,40,1,288.5,0
15570.0,70,5,1962.26,1
15571.0,183,1,196.43,0
15572.0,191,4,1068.52,1
15573.0,122,1,187.1,0
15574.0,667,1,349.04,0
15576.0,303,1,921.37,0
15577.0,34,3,258.88,1
15579.0,304,1,132.25,0
15581.0,33,6,3390.01,2
15582.0,281,1,303.61,0
15587.0,32,1,344.88,0
15589.0,312,1,184.95,0
15594.0,91,2,702.86,1
15596.0,97,3,1014.54,1
15597.0,244,1,324.57,0
15601.0,32,5,2417.3,2
15602.0,30,4,458.43,1
15605.0,32,4,1015.48,1
15606.0,3,4,1384.68,3
15607.0,163,1,104.76,0
15608.0,30,4,1093.68,1
15609.0,127,1,298.48,0
15611.0,101,3,304.6,1
15612.0,92,2,195.15,0
15615.0,36,9,4307.32,2
15618.0,124,3,554.02,1
15620.0,281,1,450.52,0
15621.0,213,2,248.07,0
15622.0,311,1,576.0,0
15625.0,337,1,301.14,0
15628.0,66,6,1872.98,2
15632.0,64,4,1745.52,1
15636.0,32,2,724.76,1
15640.0,40,7,5592.73,2
15641.0,311,1,453.79,0
15643.0,311,3,664.0,1
15646.0,160,3,447.64000000000004,1
15649.0,163,2,816.0,1
15651.0,275,2,418.98,0
15652.0,93,1,337.74,0
15653.0,124,1,829.4399999999999,0
15655.0,68,1,560.67,0
15656.0,281,1,63.910000000000004,0
15658.0,284,3,583.9000000000001,1
15660.0,342,2,364.3,0
15661.0,224,1,116.0,0
15665.0,68,1,1456.42,1
15668.0,189,1,76.32000000000001,0
15671.0,37,3,1315.72,1
15673.0,2,3,1845.97,3
15674.0,67,3,1024.54,1
15675.0,156,2,225.39,0
15676.0,244,2,3267.84,1
15679.0,66,3,734.66,1
15680.0,486,1,478.89,0
15681.0,30,4,1183.02,1
15687.0,188,4,1469.42,1
15689.0,3,1,150.6,3
15690.0,213,1,128.76,0
15691.0,341,1,136.8,0
15692.0,30,1,191.04,0
15694.0,61,8,4404.57,2
15696.0,183,3,1236.75,1
15701.0,152,2,564.03,1
15704.0,128,2,1507.32,1
15706.0,154,2,181.8,0
15707.0,184,2,480.87,1
15708.0,101,3,1167.41,1
15709.0,342,1,133.25,0
15712.0,96,1,158.85,0
15713.0,486,1,171.15,0
15716.0,578,1,529.4,0
15719.0,153,10,3869.4,2
15722.0,219,3,1233.01,1
15723.0,425,1,190.7,0
15727.0,10,2,1339.2,3
15729.0,36,1,85.0,0
15730.0,124,2,653.45,1
15732.0,36,2,294.12,1
15733.0,311,1,162.3,0
15737.0,37,4,712.73,1
15738.0,96,5,1549.43,1
15739.0,245,1,449.12,0
15743.0,127,2,451.61,1
15745.0,183,1,309.53000000000003,0
15747.0,33,1,282.71999999999997,0
15749.0,40,2,22998.4,2
15750.0,152,5,1271.3600000000001,1
15752.0,155,4,1523.2,1
15753.0,131,1,79.2,0
15754.0,160,1,91.8,0
15755.0,2,1,330.92,3
15756.0,65,4,528.01,1
15757.0,189,2,714.42,1
15759.0,220,1,68.0,0
15762.0,215,1,268.44,0
15763.0,122,1,564.4300000000001,0
15764.0,1,4,1697.8700000000001,3
15766.0,184,1,315.06,0
15769.0,91,10,21802.68,2
15773.0,243,1,635.6800000000001,0
15774.0,304,1,270.8,0
15775.0,129,1,104.9,0
15777.0,7,1,293.96,3
15780.0,37,2,298.13,1
15781.0,162,1,83.35,0
15782.0,32,1,1638.3400000000001,1
15785.0,153,3,998.5699999999999,1
15787.0,92,1,479.1,0
15796.0,70,4,1315.22,1
15797.0,97,2,1825.2,1
15799.0,101,2,481.24,1
15800.0,160,1,244.5,0
15801.0,62,1,869.98,1
15804.0,90,4,1392.63,1
15805.0,122,6,1053.6100000000001,1
15806.0,130,2,521.88,1
15808.0,192,3,2422.87,1
15809.0,70,3,331.26,1
15811.0,455,1,289.85,0
15812.0,34,2,822.48,1
15814.0,275,1,456.23999999999995,0
15815.0,36,3,1192.98,1
15819.0,130,1,639.64,0
15821.0,92,1,254.18,0
15822.0,182,1,445.27,0
15823.0,667,1,15.0,0
15827.0,96,8,874.96,1
15829.0,336,1,310.7,0
15830.0,303,1,576.0,0
15831.0,1,2,484.7,3
15834.0,160,2,1272.77,1
15837.0,184,1,391.98,0
15838.0,64,9,23307.78,2
15839.0,183,1,258.13,0
15840.0,1,1,113.82,3
15841.0,220,2,613.26,1
15843.0,100,1,118.95000000000002,0
15845.0,193,2,643.84,1
15847.0,334,1,208.59,0
15852.0,188,1,57.5,0
15854.0,213,3,432.18,1
15855.0,96,1,132.18,0
15856.0,34,14,9364.130000000001,2
15858.0,31,2,654.15,1
15860.0,156,4,622.16,1
15862.0,333,2,527.38,0
15864.0,245,2,1064.14,1
15865.0,2,2,603.85,3
15867.0,37,5,1154.28,1
15869.0,160,2,149.64,0
15870.0,153,1,351.44,0
15874.0,129,3,3480.1800000000003,1
15877.0,121,1,251.02,0
15880.0,578,1,329.03000000000003,0
15881.0,425,1,114.45000000000002,0
15882.0,547,2,371.32000000000005,0
15883.0,152,2,396.48,0
15885.0,124,3,379.35,1
15886.0,62,1,181.09,0
15889.0,187,2,420.07,0
15894.0,578,1,151.44,0
15898.0,121,3,902.53,1
15899.0,547,1,56.25,0
15901.0,126,1,110.49,0
15903.0,30,1,1405.2,1
15904.0,333,1,164.68,0
15906.0,250,2,862.32,1
15907.0,182,1,405.13,0
15910.0,90,4,553.4,1
15916.0,91,5,859.72,1
15917.0,190,1,123.1,0
15918.0,308,1,192.23,0
15919.0,547,1,214.07999999999998,0
15920.0,126,4,167.5,1
15922.0,698,1,369.5,0
15923.0,667,1,127.08,0
15930.0,276,1,426.63,0
15932.0,2,4,1226.1,3
15935.0,7,1,308.82,3
15937.0,184,1,145.35,0
15938.0,221,1,105.0,0
15939.0,5,6,3563.13,2
15940.0,343,1,35.8,0
15944.0,130,1,325.1,0
15945.0,455,1,181.0,0
15948.0,333,1,311.0,0
15950.0,122,1,418.29,0
15951.0,333,1,333.05,0
15952.0,183,3,549.26,1
15953.0,6,5,1075.73,3
15955.0,31,7,2062.4900000000002,2
15957.0,122,1,428.89,0
15965.0,30,3,658.32,1
15969.0,152,2,443.7,1
15970.0,100,1,314.1,0
15971.0,2,6,1680.95,2
15973.0,486,1,307.82000000000005,0
15974.0,6,4,1633.49,3
15976.0,281,1,209.99,0
15980.0,2,2,1638.68,3
15981.0,7,2,790.8,3
15983.0,455,2,813.65,1
15984.0,152,5,1188.11,1
15985.0,125,1,242.84,0
15986.0,91,1,168.12,0
15987.0,33,3,525.8900000000001,1
15992.0,182,1,41.989999999999995,0
15993.0,183,3,669.71,1
15996.0,2,2,416.07,3
15998.0,275,2,1439.65,1
16000.0,152,3,12393.7,1
16003.0,61,2,941.47,1
16005.0,66,1,120.49000000000001,0
16006.0,6,1,101.4,3
16007.0,5,3,1477.71,3
16009.0,153,2,524.35,1
16010.0,129,3,392.4,1
16011.0,3,9,2193.56,2
16012.0,156,3,1415.29,1
16013.0,3,26,19403.16,2
16014.0,65,2,393.20000000000005,1
16015.0,182,1,203.1,0
16016.0,182,3,784.11,1
16018.0,5,1,161.9,3
16019.0,163,2,723.35,1
16020.0,215,1,518.8,0
16025.0,61,1,439.65999999999997,0
16027.0,70,3,595.87,1
16029.0,31,33,48851.67,2
16030.0,284,1,331.24,0
16031.0,124,2,547.9,1
16033.0,6,9,4315.11,2
16034.0,40,1,153.6,0
16037.0,131,1,303.00000000000006,0
16038.0,302,1,78.45,0
16040.0,215,1,437.37,0
16041.0,91,1,426.6,0
16042.0,40,1,24.95,0
16043.0,6,3,466.14000000000004,3
16045.0,3,2,406.85,3
16048.0,698,2,256.44,0
16053.0,94,2,1511.95,1
16055.0,281,1,134.8,0
16057.0,6,5,860.25,3
16059.0,215,2,223.55,0
16062.0,7,2,578.18,3
16065.0,455,1,367.14,0
16066.0,92,3,1070.99,1
16070.0,153,1,686.85,0
16076.0,31,5,1192.3,1
16078.0,342,1,79.2,0
16080.0,69,1,130.26,0
16081.0,158,2,581.84,1
16085.0,1,1,120.33,3
16086.0,31,3,711.59,1
16091.0,126,1,157.81,0
16094.0,61,3,761.3,1
16098.0,158,4,1132.79,1
16102.0,278,2,1392.8400000000001,1
16103.0,188,3,638.44,1
16104.0,92,1,298.21,0
16105.0,221,1,336.96,0
16106.0,215,1,108.38,0
16107.0,30,3,1353.74,1
16109.0,220,2,611.88,1
16110.0,343,1,404.0,0
16112.0,71,3,159.18,0
16113.0,96,1,161.38,0
16115.0,5,2,312.21,3
16116.0,6,1,612.78,3
16117.0,280,1,232.21,0
16119.0,333,1,113.88000000000001,0
16120.0,31,4,1309.14,1
16121.0,128,1,285.94,0
16122.0,40,2,249.84,0
16125.0,517,1,289.35,0
16126.0,61,2,3533.7200000000003,1
16128.0,275,2,666.82,1
16133.0,30,14,5523.83,2
16136.0,31,2,566.04,1
16140.0,215,2,725.18,1
16141.0,2,1,620.4,3
16142.0,251,1,535.34,0
16143.0,36,4,1594.15,1
16144.0,160,1,175.2,0
16145.0,4,5,1686.04,2
16146.0,218,1,75.0,0
16149.0,213,1,116.84,0
16150.0,2,3,1177.47,3
16153.0,158,2,485.09000000000003,1
16156.0,34,4,1004.0500000000001,1
16159.0,283,1,348.2,0
16160.0,215,1,223.49999999999997,0
16161.0,31,6,1570.72,2
16162.0,341,1,37.4,0
16163.0,455,1,441.6,0
16168.0,4,12,2104.78,2
16169.0,61,2,918.17,1
16170.0,96,2,635.31,1
16171.0,31,1,73.2,0
16172.0,7,4,788.24,3
16173.0,93,3,747.7,1
16174.0,34,2,626.35,1
16175.0,185,1,300.7,0
16179.0,62,1,215.83,0
16180.0,247,2,2730.88,1
16182.0,337,1,2327.0,1
16183.0,276,1,338.71000000000004,0
16184.0,6,3,620.88,3
16186.0,6,7,2402.92,2
16187.0,122,4,1533.56,1
16188.0,37,1,151.65,0
16191.0,39,4,1606.8400000000001,1
16200.0,213,1,518.3,0
16201.0,182,1,509.4,0
16203.0,1,2,385.3,3
16205.0,91,3,645.28,1
16206.0,156,1,121.11,0
16209.0,2,4,926.42,3
16210.0,67,11,15447.19,2
16211.0,2,1,547.02,3
16212.0,342,1,498.15000000000003,0
16214.0,341,1,206.7,0
16217.0,311,1,183.0,0
16218.0,61,2,920.5,1
16221.0,99,3,860.86,1
16224.0,251,1,167.47,0
16225.0,161,2,416.61,0
16229.0,36,1,358.2,0
16230.0,280,2,542.03,1
16232.0,128,2,366.47,0
16233.0,486,1,147.39999999999998,0
16235.0,40,2,429.5,1
16239.0,280,1,347.9,0
16241.0,1,9,1437.69,2
16242.0,97,5,2591.9700000000003,1
16243.0,183,1,194.15,0
16244.0,6,2,1522.75,3
16245.0,64,1,315.72,0
16248.0,92,1,152.94,0
16250.0,698,1,226.14,0
16253.0,245,1,1983.46,1
16255.0,160,5,1446.71,1
16258.0,247,2,1787.26,1
16261.0,159,1,252.52,0
16265.0,131,4,2394.36,1
16271.0,152,2,314.42,0
16274.0,698,1,351.75,0
16282.0,254,1,168.3,0
16283.0,33,4,1293.0,1
16284.0,122,1,422.43,0
16292.0,64,1,302.25,0
16293.0,93,3,703.34,1
16295.0,1,2,692.3,3
16298.0,188,1,114.3,0
16302.0,217,1,233.22,0
16303.0,71,1,827.1800000000001,1
16306.0,39,4,616.35,1
16308.0,189,2,1600.0,1
16313.0,182,1,106.53,0
16316.0,99,5,1586.77,1
16317.0,3,2,770.89,3
16318.0,244,1,328.15,0
16319.0,189,1,404.40000000000003,0
16320.0,67,1,852.68,1
16321.0,162,2,135.9,0
16322.0,121,2,326.75,0
16324.0,278,2,253.22,0
16325.0,129,2,416.02000000000004,1
16326.0,92,7,1691.0,2
16327.0,578,1,535.6,0
16332.0,30,5,984.01,1
16333.0,125,14,20637.36,2
16337.0,275,1,151.05,0
16338.0,218,1,214.79999999999998,0
16344.0,248,1,101.10000000000001,0
16347.0,275,1,436.79,0
16348.0,153,4,708.8,1
16350.0,71,2,812.17,1
16351.0,40,1,153.9,0
16352.0,303,1,204.92000000000002,0
16353.0,10,12,3404.21,2
16354.0,154,1,29.700000000000003,0
16356.0,161,1,102.0,0
16357.0,67,2,538.83,1
16358.0,121,3,1355.1000000000001,1
16359.0,10,8,1520.35,2
16360.0,2,4,2485.56,3
16362.0,31,5,709.99,1
16365.0,4,5,619.22,3
16367.0,303,2,800.67,1
16368.0,30,2,479.91,1
16370.0,66,1,271.04,0
16372.0,183,2,355.73,0
16374.0,245,1,312.53000000000003,0
16376.0,333,1,112.75999999999999,0
16378.0,190,2,220.1,0
16379.0,213,2,1225.44,1
16380.0,92,1,1743.1499999999999,1
16384.0,32,1,175.4,0
16385.0,62,3,554.86,1
16386.0,30,1,241.47,0
16389.0,342,1,119.65,0
16393.0,128,7,1573.03,1
16394.0,221,1,306.89,0
16395.0,62,1,212.8,0
16398.0,126,1,535.85,0
16400.0,185,1,303.93,0
16401.0,120,2,789.8299999999999,1
16402.0,578,1,205.65,0
16405.0,70,2,167.25,0
16407.0,37,1,60.0,0
16409.0,4,3,1370.66,3
16411.0,578,1,128.55,0
16414.0,252,1,50.8,0
16418.0,124,1,222.45000000000002,0
16419.0,99,3,629.02,1
16422.0,31,20,14663.57,2
16424.0,339,1,133.56,0
16425.0,70,1,302.7,0
16426.0,124,8,1442.28,2
16431.0,67,1,288.68,0
16432.0,184,1,287.4,0
16433.0,30,1,184.26,0
16434.0,61,3,598.15,1
16438.0,243,2,264.72,0
16440.0,61,4,2537.31,1
16441.0,275,1,170.2,0
16442.0,121,1,176.87,0
16444.0,216,1,301.32,0
16445.0,183,1,230.51,0
16446.0,90,1,168469.6,1
16449.0,252,1,416.69,0
16454.0,184,1,5.9,0
16455.0,154,4,1088.7,1
16456.0,192,3,1694.0900000000001,1
16457.0,220,1,208.36,0
16458.0,2,8,1587.22,2
16460.0,30,1,302.62,0
16462.0,158,2,68.0,0
16466.0,5,2,440.63,3
16469.0,160,2,268.3,0
16471.0,69,1,223.95000000000002,0
16473.0,163,1,149.41,0
16474.0,32,4,778.3000000000001,1
16475.0,2,2,395.0,3
16477.0,69,4,1311.65,1
16478.0,184,2,235.9,0
16484.0,308,1,285.7,0
16488.0,183,1,144.23000000000002,0
16495.0,130,3,648.26,1
16496.0,333,1,414.48,0
16497.0,71,1,279.3,0
16498.0,338,1,9.75,0
16499.0,425,1,218.10000000000002,0
16500.0,213,3,138.06,0
16503.0,97,1,251.6,0
16505.0,122,1,777.6,0
16510.0,667,1,248.1,0
16513.0,213,2,211.8,0
16515.0,4,4,1247.3600000000001,3
16516.0,91,1,101.69999999999999,0
16517.0,161,1,162.7,0
16518.0,92,1,293.62,0
16519.0,455,1,103.7,0
16520.0,188,2,749.41,1
16523.0,32,8,3469.85,2
16525.0,10,15,7795.37,2
16528.0,182,1,244.41,0
16529.0,307,1,455.25,0
16531.0,247,2,422.91,0
16532.0,224,1,1910.4,1
16533.0,304,1,364.22,0
16535.0,243,1,593.75,0
16539.0,152,3,1083.91,1
16546.0,667,1,299.40000000000003,0
16549.0,32,5,1815.19,2
16550.0,158,2,942.08,1
16551.0,163,3,922.12,1
16552.0,37,2,379.73,1
16553.0,69,3,1182.5,1
16554.0,10,2,314.11,3
16555.0,244,1,133.91,0
16556.0,129,2,1075.49,1
16558.0,38,9,3085.38,2
16561.0,31,2,511.12,1
16565.0,425,1,173.7,0
16567.0,163,1,557.5600000000001,0
16569.0,182,1,124.2,0
16570.0,153,3,1185.4,1
16571.0,283,1,436.68,0
16572.0,34,3,1009.6,1
16581.0,66,1,105.84,0
16583.0,698,1,233.45,0
16586.0,221,1,463.95,0
16589.0,338,1,117.68,0
16591.0,304,1,213.5,0
16592.0,91,6,1919.63,1
16593.0,280,1,185.9,0
16595.0,92,1,360.16,0
16596.0,486,1,120.65,0
16597.0,213,1,90.04,0
16600.0,213,2,366.18,0
16602.0,275,1,528.08,0
16603.0,93,1,296.62,0
16607.0,1,5,842.48,3
16609.0,4,3,1439.47,3
16610.0,250,1,75.66,0
16611.0,188,1,129.49,0
16612.0,3,4,1187.66,3
16614.0,66,1,506.19,0
16616.0,218,1,210.10000000000002,0
16618.0,122,1,1206.3,1
16620.0,182,1,83.2,0
16621.0,128,2,490.7,1
16623.0,129,1,129.45,0
16625.0,69,1,333.08,0
16626.0,90,6,1618.74,1
16628.0,61,2,920.47,1
16629.0,246,1,227.68,0
16633.0,5,1,255.8,3
16634.0,340,2,217.9,0
16637.0,62,3,850.85,1
16638.0,161,3,387.18,1
16639.0,122,1,786.36,0
16642.0,213,1,380.6,0
16643.0,129,1,487.51,0
16644.0,36,1,722.41,1
16652.0,1,4,5277.22,2
16654.0,219,2,262.8,0
16655.0,10,3,1844.38,3
16656.0,4,7,3587.44,2
16658.0,547,1,123.24,0
16659.0,280,1,39.12,0
16665.0,364,1,135.39999999999998,0
16667.0,304,1,366.78,0
16668.0,66,2,145.98,0
16670.0,40,4,2022.8600000000001,1
16671.0,30,2,309.39,1
16672.0,7,9,3865.0,2
16674.0,305,1,115.1,0
16676.0,67,3,1262.88,1
16678.0,3,7,2076.85,2
16679.0,486,1,129.75,0
16682.0,124,4,921.08,1
16684.0,213,7,36992.9,2
16685.0,92,2,324.24,0
16686.0,162,2,738.0699999999999,1
16688.0,62,2,329.45,1
16693.0,304,1,324.45,0
16696.0,67,2,440.1,1
16697.0,7,1,112.75,3
16700.0,4,6,2121.41,2
16701.0,10,6,2646.31,2
16705.0,7,5,5733.45,2
16706.0,303,2,239.82,0
16709.0,129,2,1270.43,1
16710.0,67,3,817.79,1
16711.0,70,2,680.2,1
16712.0,36,5,1494.16,1
16713.0,7,5,2222.09,2
16714.0,220,1,15.0,0
16716.0,343,1,734.4000000000001,0
16717.0,153,3,1033.91,1
16718.0,578,1,606.0500000000001,0
16719.0,224,2,583.18,1
16722.0,96,6,2137.76,1
16723.0,93,1,165.0,0
16725.0,70,4,443.57,1
16727.0,425,1,256.32,0
16729.0,7,9,3040.51,2
16732.0,122,1,603.75,0
16735.0,101,3,1503.59,1
16743.0,6,5,1416.1100000000001,2
16744.0,183,2,271.4,0
16745.0,3,10,4010.88,2
16746.0,3,5,2164.87,2
16747.0,276,2,836.06,1
16748.0,101,4,1249.2,1
16750.0,64,1,98.38,0
16751.0,91,1,1764.72,1
16752.0,667,1,207.5,0
16753.0,1,1,223.92000000000002,3
16754.0,666,1,2002.4,1
16756.0,97,1,239.4,0
16758.0,215,1,369.34000000000003,0
16759.0,91,3,789.79,1
16761.0,246,1,316.62,0
16764.0,122,5,1225.23,1
16766.0,38,2,1145.6,1
16767.0,66,7,2158.58,2
16770.0,667,1,130.8,0
16771.0,99,4,1796.05,1
16774.0,276,1,119.32,0
16775.0,94,3,453.23,1
16776.0,62,1,371.54,0
16778.0,69,1,93.18,0
16779.0,10,12,5376.71,2
16781.0,667,1,311.25,0
16782.0,161,4,769.6500000000001,1
16788.0,125,1,299.92,0
16789.0,333,1,80.8,0
16790.0,30,5,1454.17,1
16791.0,40,6,1553.88,2
16792.0,311,2,110.38000000000001,0
16794.0,5,3,442.21999999999997,3
16795.0,455,1,414.88,0
16796.0,32,1,305.62,0
16801.0,38,1,751.9,1
16803.0,215,1,332.3,0
16806.0,281,1,169.13,0
16807.0,128,1,280.6,0
16808.0,68,2,288.42,0
16809.0,92,1,149.68,0
16811.0,213,1,232.3,0
16813.0,246,3,376.57,1
16814.0,7,7,1944.07,2
16817.0,38,7,1474.8500000000001,2
16818.0,96,4,1165.56,1
16820.0,216,1,497.61,0
16825.0,158,2,775.1800000000001,1
16828.0,155,1,15.0,0
16829.0,187,1,197.22,0
16830.0,334,1,325.91,0
16832.0,127,2,121.4,0
16833.0,101,2,744.72,1
16835.0,278,2,180.85,0
16837.0,31,6,2219.68,2
16839.0,2,16,8470.8,2
16841.0,67,3,934.56,1
16842.0,70,2,866.95,1
16843.0,7,5,2841.88,2
16849.0,188,1,124.57,0
16850.0,71,1,332.41,0
16851.0,213,1,102.99000000000001,0
16858.0,547,1,375.69000000000005,0
16861.0,31,2,173.76,0
16863.0,122,2,502.8,1
16866.0,65,2,153.95,0
16871.0,32,1,329.44,0
16872.0,127,1,388.36,0
16873.0,92,5,6576.74,2
16875.0,254,2,1326.13,1
16877.0,65,1,111.23,0
16880.0,65,5,1340.25,1
16881.0,245,1,432.0,0
16882.0,245,1,489.41999999999996,0
16883.0,219,2,272.48,0
16884.0,303,2,429.84000000000003,0
16887.0,244,1,192.32999999999998,0
16889.0,68,2,1228.61,1
16891.0,121,4,566.12,1
16892.0,61,4,369.04,1
16893.0,486,1,145.93,0
16895.0,184,1,202.27,0
16898.0,547,1,112.08,0
16899.0,32,2,379.18,1
16900.0,154,1,752.6800000000001,0
16903.0,61,1,363.2,0
16904.0,61,7,1570.81,2
16905.0,243,2,589.1,1
16906.0,188,2,293.99,0
16907.0,60,2,449.69,1
16910.0,93,3,433.3,1
16912.0,30,4,1017.0,1
16914.0,275,1,183.76,0
16915.0,221,3,340.49,1
16916.0,667,1,196.43,0
16917.0,130,1,391.52,0
16918.0,154,4,755.24,1
16919.0,7,5,1010.08,3
16921.0,92,1,154.18,0
16923.0,65,9,4035.95,2
16924.0,184,1,252.54,0
16926.0,639,1,230.25,0
16927.0,130,1,123.35,0
16928.0,33,8,1074.3899999999999,2
16929.0,157,4,740.6,1
16930.0,304,2,205.45000000000002,0
16931.0,68,7,1383.65,2
16933.0,121,1,338.5,0
16938.0,5,3,2701.9300000000003,3
16942.0,183,5,1006.39,1
16943.0,6,1,172.1,3
16945.0,1,9,1939.8,2
16949.0,158,3,773.58,1
16950.0,156,2,778.41,1
16951.0,131,1,1053.79,1
16953.0,91,1,20.8,0
16954.0,62,4,910.2,1
16955.0,127,4,518.67,1
16957.0,283,1,114.84,0
16960.0,62,3,507.05,1
16963.0,219,1,110.55000000000001,0
16966.0,333,1,385.79999999999995,0
16967.0,280,1,319.02,0
16968.0,213,1,186.12,0
16969.0,339,1,397.36,0
16971.0,334,1,357.21,0
16979.0,61,2,534.38,1
16982.0,62,1,384.06,0
16983.0,5,3,726.5,3
16984.0,2,2,4459.52,3
16985.0,2,4,1977.98,3
16986.0,61,2,1873.2,1
16987.0,181,1,223.68,0
16988.0,243,1,126.12,0
16989.0,4,4,1029.3,3
16990.0,220,1,179.0,0
16992.0,275,2,728.71,1
16996.0,64,3,1087.02,1
16997.0,284,1,78.0,0
16998.0,131,1,90.0,0
17001.0,90,4,1376.78,1
17002.0,128,1,480.46000000000004,0
17004.0,124,1,905.6,1
17006.0,121,2,355.91,0
17007.0,97,2,250.66,0
17011.0,91,1,270.9,0
17014.0,153,3,583.4300000000001,1
17015.0,30,2,793.13,1
17017.0,152,5,2164.22,1
17019.0,547,1,358.82,0
17022.0,122,1,71.0,0
17024.0,218,2,56.25,0
17025.0,62,3,357.77,1
17026.0,158,2,154.82999999999998,0
17027.0,342,1,13.2,0
17030.0,154,1,146.87,0
17031.0,126,1,225.95,0
17033.0,97,1,300.29999999999995,0
17035.0,129,2,433.53000000000003,1
17038.0,91,1,112.4,0
17042.0,64,4,814.4,1
17043.0,153,1,641.36,0
17045.0,187,2,148.35,0
17046.0,218,1,642.02,0
17048.0,10,2,760.4,3
17049.0,97,5,2672.37,1
17050.0,191,4,2524.7,1
17052.0,30,1,399.09,0
17053.0,337,1,498.48,0
17054.0,30,2,463.08,1
17059.0,61,2,1565.65,1
17061.0,220,1,484.12000000000006,0
17062.0,455,2,289.39,0
17064.0,1,2,711.5,3
17068.0,184,6,1139.8,1
17069.0,30,5,1826.93,2
17071.0,2,5,1587.3500000000001,3
17076.0,38,3,841.0799999999999,1
17078.0,274,2,378.2,0
17082.0,183,1,1366.91,1
17083.0,100,1,691.36,0
17084.0,244,2,2747.9900000000002,1
17085.0,125,3,1040.99,1
17086.0,91,4,1482.51,1
17088.0,30,2,622.5600000000001,1
17090.0,2,3,1023.2,3
17091.0,122,7,2727.4900000000002,2
17092.0,161,2,629.32,1
17095.0,101,1,313.15,0
17096.0,1,1,263.61,3
17097.0,152,2,318.87,0
17101.0,61,1,471.0,0
17105.0,192,2,665.78,1
17107.0,156,4,6209.12,1
17109.0,61,3,307.53,1
17114.0,101,4,469.97,1
17115.0,66,2,527.48,1
17119.0,31,2,606.91,1
17122.0,3,1,138.32,3
17123.0,338,1,345.29999999999995,0
17124.0,158,1,294.24,0
17126.0,65,4,689.73,1
17128.0,101,1,157.09,0
17131.0,183,2,1180.73,1
17133.0,160,3,2194.9700000000003,1
17135.0,303,3,400.0,1
17138.0,99,1,380.5,0
17139.0,2,5,4587.38,2
17140.0,190,1,454.12,0
17144.0,120,1,388.68,0
17147.0,343,1,409.5,0
17157.0,302,1,157.54000000000002,0
17158.0,153,1,568.42,0
17160.0,7,3,1599.98,3
17162.0,30,9,1417.08,2
17164.0,34,6,1721.51,2
17166.0,334,1,78.75,0
17169.0,96,1,308.68,0
17173.0,1,3,1239.16,3
17174.0,189,1,59.9,0
17175.0,5,1,302.62,3
17180.0,7,2,307.36,3
17181.0,698,1,155.52,0
17183.0,153,2,1343.8400000000001,1
17186.0,62,1,72.0,0
17188.0,61,3,1252.38,1
17190.0,1,1,249.74,3
17191.0,30,7,2093.68,2
17193.0,1,3,190.96,3
17194.0,38,1,10.0,0
17197.0,61,1,1013.01,1
17198.0,455,2,521.66,0
17203.0,62,4,2260.81,1
17204.0,7,1,461.25,3
17211.0,5,3,808.47,3
17213.0,486,1,312.90000000000003,0
17214.0,62,3,488.07,1
17218.0,32,6,1086.14,2
17219.0,122,1,114.23,0
17220.0,187,6,1142.75,1
17221.0,274,2,334.48,0
17222.0,215,1,328.65,0
17223.0,312,2,416.89,0
17226.0,253,1,393.49,0
17227.0,62,2,249.36,0
17228.0,154,4,911.64,1
17229.0,246,1,161.05,0
17230.0,312,1,675.0,0
17231.0,128,4,1341.39,1
17232.0,152,1,209.73,0
17233.0,244,1,190.88,0
17234.0,66,1,149.89000000000001,0
17235.0,667,1,341.9,0
17236.0,37,2,244.73000000000002,0
17238.0,30,8,1955.9,2
17242.0,5,1,709.44,3
17243.0,30,13,4289.41,2
17248.0,33,1,318.65,0
17250.0,182,1,219.32,0
17251.0,364,1,269.83,0
17252.0,188,1,337.01,0
17254.0,213,1,102.13,0
17259.0,547,1,367.95,0
17262.0,486,1,268.86,0
17265.0,5,1,377.84000000000003,3
17266.0,152,2,183.52,0
17267.0,246,2,317.2,0
17268.0,4,3,311.48,3
17274.0,244,1,107.82,0
17278.0,7,1,246.04,3
17282.0,337,1,687.0,0
17284.0,33,3,1147.52,1
17287.0,341,3,367.94,1
17288.0,341,1,127.30000000000001,0
17289.0,5,3,931.02,3
17290.0,182,1,164.18,0
17291.0,253,1,550.8000000000001,0
17293.0,1,7,1257.58,2
17295.0,30,3,547.0,1
17298.0,156,1,107.63999999999999,0
17299.0,32,1,297.36,0
17302.0,94,3,876.8100000000001,1
17306.0,130,5,2361.3,1
17309.0,216,1,82.75,0
17312.0,156,2,399.5,0
17313.0,122,1,2328.84,1
17314.0,1,3,1348.75,3
17315.0,6,14,2397.43,2
17317.0,32,1,2027.94,1
17320.0,547,1,450.92,0
17321.0,276,2,657.16,1
17323.0,92,3,412.71,1
17324.0,10,2,702.23,3
17325.0,252,1,96.8,0
17330.0,276,1,264.9,0
17331.0,125,1,175.2,0
17334.0,70,2,307.02,0
17337.0,5,4,1981.06,3
17338.0,10,2,1367.08,3
17339.0,185,2,243.36,0
17340.0,33,6,9190.58,2
17341.0,187,3,682.29,1
17345.0,155,1,155.8,0
17346.0,1,5,842.57,3
17348.0,30,2,318.38,1
17350.0,333,2,394.98,0
17351.0,38,2,358.45,1
17353.0,126,2,1740.0,1
17356.0,343,1,178.22,0
17358.0,100,1,119.15,0
17360.0,127,1,320.9,0
17361.0,188,1,218.92,0
17362.0,284,1,150.0,0
17364.0,10,6,2645.79,2
17365.0,40,2,742.66,1
17368.0,153,3,750.87,1
17370.0,124,1,117.36,0
17372.0,62,4,665.95,1
17374.0,220,2,495.77,1
17376.0,343,1,105.85,0
17377.0,32,10,2168.39,2
17381.0,3,22,17101.25,2
17382.0,215,1,65.4,0
17383.0,212,1,193.39000000000001,0
17384.0,250,1,227.65,0
17386.0,302,3,1145.02,1
17387.0,183,1,309.14,0
17388.0,6,1,381.6,3
17389.0,10,16,20486.0,2
17392.0,192,1,145.5,0
17394.0,250,1,203.86999999999998,0
17396.0,276,2,2431.5,1
17400.0,217,1,791.22,0
17402.0,91,5,1285.95,1
17403.0,275,1,263.92,0
17404.0,6,6,6435.38,2
17405.0,4,2,541.71,3
17406.0,71,3,2184.42,1
17409.0,127,2,771.85,1
17410.0,1,4,978.38,3
17412.0,31,4,685.46,1
17414.0,127,1,598.0,0
17416.0,61,2,3129.32,1
17419.0,130,6,1844.81,1
17420.0,698,1,130.85,0
17422.0,5,3,1084.65,3
17423.0,189,1,449.42,0
17425.0,62,1,688.97,0
17426.0,93,4,2951.91,1
17428.0,7,16,8641.94,2
17429.0,158,3,524.9200000000001,1
17430.0,153,2,265.76,0
17432.0,302,1,175.89,0
17433.0,2,1,303.15999999999997,3
17434.0,152,2,635.08,1
17436.0,121,1,93.89999999999999,0
17440.0,187,3,186.42000000000002,0
17442.0,64,4,1553.55,1
17443.0,250,1,534.24,0
17444.0,34,1,1217.64,1
17446.0,312,1,68.10000000000001,0
17449.0,152,3,937.24,1
17450.0,4,11,35824.22,2
17451.0,121,1,294.18,0
17453.0,184,1,341.99999999999994,0
17456.0,455,1,249.86,0
17457.0,217,4,1370.5,1
17459.0,62,1,300.39,0
17460.0,185,3,230.15,0
17461.0,61,1,382.56,0
17462.0,62,1,212.28,0
17464.0,248,1,289.96000000000004,0
17469.0,218,1,440.71,0
17470.0,189,4,816.47,1
17472.0,339,1,259.27,0
17481.0,155,3,838.03,1
17483.0,95,2,294.40000000000003,0
17489.0,1,2,376.64,3
17490.0,90,4,1077.82,1
17491.0,121,5,1723.93,1
17492.0,221,1,374.57,0
17495.0,302,2,497.56,0
17500.0,61,1,288.0,0
17501.0,281,2,288.6,0
17502.0,61,1,226.60000000000002,0
17503.0,152,2,558.96,1
17504.0,189,1,251.75,0
17505.0,338,1,658.85,0
17507.0,283,1,340.56,0
17508.0,252,1,387.31,0
17509.0,62,7,5200.5,2
17511.0,7,15,49108.16,2
17512.0,30,5,1635.27,2
17514.0,278,1,208.65,0
17515.0,122,1,67.65,0
17516.0,3,2,281.02,3
17517.0,253,1,153.94,0
17519.0,547,1,335.3,0
17521.0,61,2,563.65,1
17522.0,96,3,845.02,1
17526.0,213,2,549.9,1
17527.0,220,1,292.11,0
17528.0,1,3,1041.13,3
17530.0,120,2,515.67,1
17531.0,307,1,296.7,0
17535.0,252,1,164.4,0
17537.0,61,2,887.67,1
17550.0,68,1,156.22,0
17552.0,62,3,315.02,1
17553.0,306,1,1487.6,1
17554.0,31,3,925.9,1
17555.0,101,1,195.45,0
17560.0,157,3,531.0,1
17562.0,64,2,235.3,0
17566.0,332,1,474.95,0
17567.0,124,4,2061.73,1
17569.0,40,1,344.14,0
17571.0,161,1,75.6,0
17572.0,336,2,114.60000000000001,0
17573.0,61,2,373.1,1
17574.0,37,1,185.65,0
17576.0,3,9,1942.01,2
17578.0,219,1,143.45999999999998,0
17579.0,213,1,178.04,0
17580.0,341,1,47.7,0
17581.0,67,17,5998.92,2
17584.0,247,2,1242.3,1
17585.0,224,1,417.81,0
17589.0,34,3,1813.4,1
17590.0,152,1,320.93,0
17591.0,94,2,597.9,1
17593.0,93,2,1663.82,1
17595.0,303,1,155.8,0
17596.0,154,4,1897.57,1
17597.0,67,1,2044.3700000000001,1
17602.0,152,2,1231.19,1
17604.0,189,1,173.12,0
17608.0,183,2,191.99,0
17609.0,69,1,107.65,0
17611.0,37,7,1718.43,2
17612.0,97,2,704.36,1
17613.0,162,2,826.5500000000001,1
17615.0,337,2,211.05,0
17616.0,517,1,326.4,0
17618.0,221,3,930.28,1
17620.0,31,1,81.44,0
17623.0,153,1,527.0500000000001,0
17624.0,219,1,400.3,0
17629.0,33,5,1384.03,1
17631.0,121,1,111.83,0
17633.0,33,2,653.23,1
17634.0,36,7,2045.98,2
17637.0,122,1,208.11,0
17639.0,130,1,108.5,0
17642.0,3,1,316.99,3
17643.0,698,1,101.55,0
17644.0,33,4,1077.83,1
17646.0,250,3,1008.39,1
17647.0,215,1,133.06,0
17648.0,62,2,1273.98,1
17651.0,122,4,1661.78,1
17652.0,62,6,2247.65,2
17653.0,33,4,1207.56,1
17654.0,161,1,117.55,0
17655.0,131,2,990.0,1
17656.0,2,2,473.98,3
17658.0,6,1,317.59999999999997,3
17659.0,31,4,932.6800000000001,1
17663.0,126,2,437.19,1
17664.0,36,1,326.19,0
17666.0,182,2,728.16,1
17667.0,6,4,1127.46,3
17668.0,121,2,347.75,0
17669.0,94,2,844.0,1
17671.0,5,3,1098.55,3
17672.0,284,1,1177.8400000000001,1
17673.0,121,3,706.54,1
17674.0,547,1,300.66,0
17675.0,4,14,7928.51,2
17676.0,1,5,1140.2,3
17677.0,30,12,6806.4400000000005,2
17682.0,190,2,757.29,1
17685.0,2,3,2064.93,3
17686.0,33,3,3774.58,1
17690.0,91,10,2836.81,2
17691.0,547,1,142.5,0
17692.0,162,2,228.18,0
17696.0,157,6,1607.81,1
17700.0,67,3,1681.83,1
17701.0,341,1,417.95,0
17702.0,91,1,485.6,0
17703.0,244,1,307.78,0
17705.0,39,5,1042.4,1
17706.0,62,9,3453.82,2
17707.0,158,2,152.4,0
17708.0,219,1,156.48,0
17716.0,61,6,2643.56,2
17719.0,2,6,2266.92,2
17720.0,517,1,102.0,0
17722.0,246,3,1590.6,1
17723.0,97,4,2199.3,1
17725.0,251,1,313.28999999999996,0
17728.0,182,2,2530.98,1
17730.0,30,5,2352.36,2
17731.0,96,3,963.74,1
17732.0,667,1,303.97,0
17733.0,334,1,475.24,0
17735.0,126,11,7296.29,2
17737.0,1,1,87.39,3
17738.0,311,1,779.92,0
17739.0,71,3,1111.67,1
17742.0,40,1,302.57,0
17744.0,182,2,1010.9399999999999,1
17750.0,243,3,426.02,1
17754.0,90,3,1089.59,1
17757.0,65,14,2281.51,2
17758.0,65,2,965.1600000000001,1
17760.0,698,1,172.54,0
17761.0,153,1,712.78,0
17764.0,6,1,230.67000000000002,3
17765.0,248,1,109.33,0
17768.0,183,2,1696.0700000000002,1
17769.0,31,3,1421.99,1
17770.0,36,3,967.07,1
17774.0,162,3,830.53,1
17781.0,279,1,86.02,0
17783.0,190,1,112.41,0
17787.0,65,3,1335.28,1
17788.0,306,1,16.7,0
17789.0,283,1,225.9,0
17790.0,4,7,998.29,2
17791.0,61,1,106.1,0
17796.0,101,2,389.0,1
17797.0,66,1,272.41,0
17799.0,37,2,498.42,1
17800.0,38,7,862.3,2
17802.0,5,2,632.4200000000001,3
17809.0,39,8,3049.9100000000003,2
17811.0,2,19,2856.79,2
17812.0,334,2,236.76999999999998,0
17813.0,184,2,1186.5,1
17816.0,215,3,31.46,0
17817.0,160,3,387.68,1
17819.0,66,3,1579.57,1
17827.0,37,5,1987.33,2
17828.0,127,1,833.16,0
17830.0,121,1,111.05,0
17831.0,183,1,35.400000000000006,0
17835.0,152,1,114.14,0
17837.0,31,3,540.55,1
17838.0,32,3,1515.26,1
17841.0,1,53,17142.19,2
17843.0,100,1,205.48,0
17848.0,251,3,367.53,1
17849.0,71,3,454.35,1
17850.0,667,34,5391.21,2
17854.0,158,1,199.5,0
17855.0,667,1,208.97,0
17856.0,121,2,758.21,1
17857.0,33,11,14867.68,2
17858.0,3,4,1646.67,3
17859.0,131,1,141.92000000000002,0
17860.0,547,1,226.45000000000002,0
17861.0,61,4,1258.37,1
17863.0,31,3,1923.4,1
17864.0,32,2,438.07,1
17865.0,2,5,3406.9700000000003,2
17867.0,91,2,200.39000000000001,0
17869.0,128,3,310.96,1
17870.0,93,5,965.12,1
17873.0,127,3,1086.8700000000001,1
17874.0,158,1,122.76,0
17880.0,425,1,458.92,0
17881.0,131,1,133.35000000000002,0
17883.0,159,2,300.54,0
17884.0,182,4,695.0699999999999,1
17886.0,122,2,711.51,1
17887.0,305,1,111.35,0
17888.0,31,4,473.32,1
17889.0,36,1,102.02,0
17892.0,157,1,142.1,0
17894.0,246,2,235.67000000000002,0
17897.0,517,2,410.67,0
17899.0,279,1,154.55,0
17900.0,308,2,112.19999999999999,0
17901.0,60,1,110.38,0
17905.0,187,2,425.34000000000003,0
17906.0,189,1,72.9,0
17908.0,698,1,232.03,0
17912.0,312,3,125.8,0
17913.0,1,1,190.6,3
17914.0,182,1,329.36,0
17917.0,364,1,107.16,0
17919.0,2,1,1304.04,3
17920.0,183,6,1784.57,1
17921.0,183,1,224.76,0
17923.0,311,1,207.50000000000003,0
17924.0,39,3,2076.7200000000003,1
17925.0,667,1,244.08,0
17928.0,159,1,78.25999999999999,0
17929.0,253,1,196.20000000000002,0
17930.0,184,2,749.88,1
17932.0,6,2,986.07,3
17934.0,1,1,638.45,3
17936.0,243,1,380.13,0
17937.0,122,3,2080.26,1
17939.0,279,1,99.14,0
17940.0,70,6,3537.54,2
17941.0,337,1,304.56,0
17942.0,302,1,77.50000000000001,0
17947.0,303,1,176.68,0
17949.0,4,21,14169.32,2
17950.0,455,2,263.17,0
17951.0,698,1,295.5,0
17954.0,125,6,1132.15,1
17955.0,220,3,394.1,1
17956.0,251,1,12.75,0
17957.0,245,1,111.68,0
17961.0,2,13,299.25,2
17964.0,122,2,463.21,1
17965.0,10,10,1912.71,2
17966.0,34,4,951.43,1
17967.0,639,1,112.27,0
17968.0,698,1,265.1,0
17970.0,5,1,562.79,3
17972.0,7,1,135.19,3
17974.0,250,1,164.07,0
17975.0,154,5,1601.01,1
17976.0,667,1,321.79,0
17977.0,61,1,288.14,0
17978.0,455,1,300.91999999999996,0
17979.0,244,1,237.87,0
17987.0,158,1,198.57,0
17988.0,338,1,13.370000000000001,0
17994.0,38,3,369.59,1
17995.0,283,1,76.1,0
17997.0,65,4,1266.1399999999999,1
17999.0,303,2,380.39,0
18004.0,364,1,157.92,0
18005.0,182,1,94.4,0
18008.0,37,1,162.5,0
18011.0,697,1,102.78999999999999,0
18013.0,157,2,187.29,0
18014.0,30,1,162.22,0
18015.0,213,1,120.03,0
18016.0,153,3,690.91,1
18017.0,312,1,165.0,0
18022.0,244,1,612.72,0
18024.0,65,2,389.78,1
18027.0,305,1,115.31,0
18030.0,213,1,109.55,0
18032.0,101,1,73.5,0
18033.0,214,1,93.82000000000001,0
18035.0,244,1,235.35999999999999,0
18036.0,129,2,259.38,0
18037.0,126,2,40.5,0
18040.0,129,1,239.0,0
18041.0,67,11,1962.82,2
18043.0,486,1,287.91,0
18044.0,213,4,747.37,1
18055.0,278,5,2511.4900000000002,1
18059.0,276,1,124.08,0
18061.0,34,5,1213.91,1
18062.0,193,2,485.92,1
18065.0,96,10,1450.76,2
18069.0,2,2,1087.16,3
18071.0,455,1,258.95,0
18072.0,158,1,247.44,0
18073.0,157,4,1470.18,1
18074.0,698,1,489.6,0
18075.0,31,3,635.49,1
18077.0,33,4,1021.21,1
18078.0,189,1,138.19,0
18079.0,217,1,593.35,0
18080.0,37,1,841.4999999999999,1
18081.0,275,1,135.4,0
18085.0,698,1,303.9,0
18086.0,69,1,101.34,0
18087.0,305,1,852.8,0
18088.0,92,1,166.03,0
18092.0,3,6,5253.7,2
18093.0,33,3,1841.92,1
18094.0,220,1,633.0,0
18095.0,40,1,374.75,0
18096.0,154,1,142.71,0
18097.0,217,4,1680.5,1
18099.0,247,1,168.31,0
18102.0,90,29,135953.04,2
18104.0,303,1,754.64,0
18105.0,303,1,113.48000000000002,0
18109.0,5,15,4565.95,2
18113.0,547,1,76.32000000000001,0
18116.0,276,3,500.93,1
18118.0,30,12,2366.25,2
18119.0,517,1,180.7,0
18120.0,97,1,111.15,0
18121.0,126,1,630.05,0
18122.0,4,3,742.02,3
18123.0,122,1,308.47999999999996,0
18125.0,61,1,197.85,0
18126.0,62,1,200.92000000000002,0
18129.0,68,1,112.55000000000001,0
18130.0,30,1,455.90999999999997,0
18133.0,36,1,931.4999999999999,1
18135.0,60,4,558.26,1
18136.0,6,2,495.34000000000003,3
18142.0,128,2,1019.52,1
18144.0,36,5,1202.85,1
18146.0,281,1,76.65,0
18149.0,38,2,549.68,1
18150.0,153,1,153.3,0
18154.0,182,1,178.7,0
18156.0,578,1,186.88,0
18158.0,2,1,343.8,3
18159.0,39,1,530.15,0
18161.0,184,2,630.22,1
18164.0,303,1,399.65000000000003,0
18167.0,244,1,390.6,0
18168.0,70,2,447.75,1
18169.0,62,1,202.65,0
18170.0,183,2,629.01,1
18171.0,1,3,787.34,3
18172.0,5,10,3418.6,2
18173.0,69,1,853.48,1
18174.0,302,1,104.0,0
18177.0,122,2,627.77,1
18178.0,250,4,1590.81,1
18179.0,163,2,545.8,1
18180.0,2,3,940.75,3
18183.0,69,1,312.8,0
18185.0,251,1,304.25,0
18196.0,216,1,235.85,0
18198.0,122,7,2158.83,2
18202.0,343,1,485.73,0
18203.0,218,1,160.42000000000002,0
18205.0,275,1,291.6,0
18209.0,30,1,139.10000000000002,0
18210.0,61,2,499.27000000000004,1
18211.0,191,1,137.9,0
18215.0,32,1,299.34000000000003,0
18216.0,122,1,481.75,0
18217.0,61,1,303.85,0
18218.0,6,2,641.92,3
18219.0,97,3,680.1800000000001,1
18221.0,6,3,708.81,3
18222.0,124,1,443.0,0
18223.0,191,4,1505.88,1
18225.0,162,3,799.1,1
18226.0,33,5,2251.38,2
18227.0,189,1,93.75,0
18229.0,1,7,2397.7400000000002,2
18230.0,61,4,1697.92,1
18232.0,218,1,129.64000000000001,0
18235.0,33,2,749.8,1
18236.0,61,4,626.49,1
18237.0,3,4,663.72,3
18239.0,220,2,904.8100000000001,1
18241.0,31,5,900.73,1
18242.0,67,1,314.26,0
18245.0,6,3,1395.63,3
18248.0,94,2,804.02,1
18250.0,312,1,349.27,0
18255.0,32,1,103.3,0
18257.0,276,2,532.38,1
18259.0,486,1,376.30000000000007,0
18260.0,101,1,557.07,0
18261.0,216,1,224.8,0
18263.0,157,2,811.4,1
18265.0,248,1,488.55,0
18269.0,486,1,168.6,0
18270.0,334,1,171.20000000000002,0
18272.0,4,3,1761.3600000000001,3
18273.0,152,2,153.0,0
18274.0,91,1,175.92,0
18277.0,1,1,110.38,3
18280.0,161,1,180.60000000000002,0
18281.0,5,1,80.82,3
18282.0,217,2,178.05,0
18283.0,61,5,561.7,1
18287.0,1,1,1001.3199999999999,3
